title,description,event_link,price,display_photo,photos,time_zone,hosts,sponsors,address_line_1,city,province_state,postal_zip_code,country,lat,lng,contact_email,contact_website,contact_primary_phone,start_date,end_date
Barrie Farmers Market - Saturdays,"Welcome to one of Ontario‚Äôs oldest and most beloved farmers‚Äô markets! Established in 1846 and still operating on its original site, the Barrie Farmers‚Äô Market is a year-round destination for everything local. Each Saturday, visitors can explore a vibrant selection of fresh produce, handmade goods, baked treats, and ready-to-enjoy meals, all proudly crafted by growers, makers, and artisans from Barrie and the surrounding region. It‚Äôs a true farmers‚Äô market‚Äîwhere every vendor is passionate about their craft and happy to share their stories. Enjoy live music, family-friendly activities, and the warm, welcoming atmosphere that has made this market a community staple for generations. Whether you're shopping for weekly groceries, grabbing a snack, or simply soaking up the local charm, the Barrie Farmers‚Äô Market is the place to be every Saturday morning. Come experience tradition, community, and local flavour‚Äîall in the heart of downtown Barrie.",https://www.tourismbarrie.com/festivals-events/details/2025/07/01/default-calendar/barrie-farmers-market,,https://www.tourismbarrie.com/images/default-source/2023-coe-images/farmers-market---general.png?sfvrsn=aff30213_1,"[""https://www.tourismbarrie.com/images/default-source/2023-coe-images/farmers-market---general.png?sfvrsn=aff30213_1""]",America/Toronto,,,"Barrie City Hall, 70 Collier Street",Barrie,Ontario,,Canada,,,info@barriefarmersmarket.ca,https://barriefarmersmarket.ca/,,"July 1, 2025","November 1, 2025"
Chappell Farms Fall Festival,"Where New Family Traditions are made, and Old Traditions are celebrated each year! September 20 ‚Äì October 31 Open daily 9:00 am ‚Äì 6:00 pm. Attractions include Farm Animals, Sunflower Maze, Kids Maze, Tricycle Track, Sand Diggers, Magic Show (weekends only), Wagon Rides to the Pumpkin Patch, and more. Book Your School Group Tour, Corporate Team Building Day, or Customer Appreciation Day.",https://www.tourismbarrie.com/festivals-events/details/2025/09/20/default-calendar/chappell-farms-fall-festival,"$12.00 per person + tax (Weekdays), $15.00 per person + tax (Weekends & Holidays)",https://www.tourismbarrie.com/images/default-source/coe---images/chappellfall_coe.jpg?sfvrsn=4eed0b13_0,"[""https://www.tourismbarrie.com/images/default-source/coe---images/chappellfall_coe.jpg?sfvrsn=4eed0b13_0""]",America/Toronto,"[""Chappell Family""]",,617 Penetanguishene Road,Barrie,Ontario,,Canada,,,,https://chappellfarms.ca/fall-festival/,705-721-1547,"September 20, 2025","October 31, 2025"
Pumpkin Mania (Weekends),"Pumpkin Mania runs Saturdays, Sundays, and Holiday Monday, with Fridays open for Fall Fun. Soak up the fresh country air and enjoy a full day at Ranchland with over 25 activities included in admission, plus a Pick-Your-Own (PYO) free pumpkin, any size, any colour.

Families can explore the Petting Zoo, Corn Maze, Tractor Rides, the Buckaroo Bouncer, and many more attractions that will keep everyone entertained for hours. Ranchland‚Äôs 25+ self-guided and staff-led activities are all included with admission, along with the PYO pumpkin experience.

Pumpkin Mania Games take place every half hour and feature Pumpkin Tosses, Slam Dunk Pumpkin challenges, Pumpkin Bowling, Seed Spitting, and the always-popular Pumpkin Pie Eating Contests. Winners earn a Pumpkin Prize Token, redeemable at the Pumpkin Hut for treats like candy, popcorn, and fun prizes. Guests can also watch for Peek-A-Boo Pumpkins hidden around the ranch‚Äîfind one and win a special prize at the Pumpkin Hut. From Pumpkin Sack Races to Pumpkin Hockey, there is fun around every corner.

Visitors can add a little extra to their day with Animal Feed ($5/bag), Pony Rides ($10/ride), Corn Cannon shots ($5 for 8), additional pumpkins (one is included per admission), the Cookhouse (open daily), and the Mercantile Gift Shop (open daily).

Come make unforgettable fall-time memories at Rounds Ranch, a family-run farm filled with outdoor adventure and seasonal fun.",https://www.tourismbarrie.com/festivals-events/details/2025/09/21/default-calendar/Pumpkin_Mania.aspx,Included in admission,https://www.tourismbarrie.com/images/default-source/coe---images/pumpkinmnaia_coe.jpg?sfvrsn=c3ee0b13_0,"[""https://www.tourismbarrie.com/images/default-source/coe---images/pumpkinmnaia_coe.jpg?sfvrsn=c3ee0b13_0""]",America/Toronto,,,"Rounds Ranch, 1922 County Road 92",Elmvale,Ontario,,Canada,,,,https://roundsranch.com/pumpkin-mania/,705-322-6293,"September 21, 2025","October 27, 2025"
Pumpkinferno at Discovery Harbour,"Pumpkinferno sails into Discovery Harbour for a hauntingly good time! Experience the phenomenon of Pumpkinferno‚Äôs NEW magical outdoor exhibits of artificial hand-carved pumpkins! Plus discover roving performers, tour the Macabre Mansion, pick up some glowing cotton candy, and much more! Discovery Harbour is transformed with more than 5,000 artificial ‚Äúfun-kins‚Äù, lights, music and activities! Thursday, Friday, Saturday, Sunday bring the whole family and experience the walk-thru Pumpkinferno magic. Roving buskers will delight and entertain visitors with fire, magic and more! The Bubbling Cauldron Caf√© will be open with glowing cotton candy, fresh made popcorn, hot chocolate, spooky snacks and more! The Swamp Snack Shack will be open with drinks and snacks. Food Truck options will be available such as Beaver tails. Check website for full details and schedule: discoveryharbour.on.ca/events/pumpkinferno Add extra fun to your Pumpkinferno evening with these experiences: Bosun‚Äôs Brig: Escape Room ‚Äì Bring your team of 3-6 players and escape our historic prison! Advance ticket purchase is required, as space is limited. $24 per person (includes tax). Secrets of S√©ance ‚Äì Step into the mysterious world of Victorian spiritualism with Secrets of S√©ance, an immersive new experience at Discovery Harbour. $24 per person (includes tax). Coffin Ride ‚Äì An immersive experience like no other! This is a one-person experience and is $5 per person (includes tax). Wristrained! ‚Äì Five minute, mini-escape room. Five go in‚Ä¶will all escape‚Ä¶intact? This is a five-person, five-minute experience and is $5 per person (includes tax).",https://discoveryharbour.on.ca/events/pumpkinferno/,Admission to Pumpkinferno is additional and required,https://www.tourismbarrie.com/images/default-source/coe---images/pumpkinferno_coe.jpg?sfvrsn=7d240d13_0,"[""https://www.tourismbarrie.com/images/default-source/coe---images/pumpkinferno_coe.jpg?sfvrsn=7d240d13_0""]",America/Toronto,,,"Discovery Harbour, 93 Jury Drive",Penetanguishene,Ontario,,Canada,44.7992,-79.9333,,https://discoveryharbour.on.ca/events/pumpkinferno/,,"October 1, 2025","November 1, 2025"
Drysdale's Haunted Harvest Village (Weekends Only),"The Halloween spirit howls at Drysdale's Haunted Harvest Village running each weekend until Halloween. Be it their first Halloween or recapturing memories of the past, Drysdale's Haunted Harvest Village provides everything for a memorable October outing. Search for the great pumpkin and The Evergreen Store will fulfill your needs for decorating your home inside and out. Enjoy a day of frightful fun, pumpkin picking and Halloween gift and d√©cor shopping. Activities Include: Haunted Wagon Ride, Pick Pocket Magician, Obstacle Course, Pumpkin Picking, Bonfire & Marshmallow Roasting, Train Rides, Children's Zip Line, and more.",https://www.tourismbarrie.com/festivals-events/details/2025/10/04/default-calendar/halloween-festivities-at-drysdales,"$18.00 per person (Daytime), $25.00 per person (Evening)",https://www.tourismbarrie.com/images/default-source/2023-coe-images/drysdalehalloween.jpg?sfvrsn=d8970f13_0,"[""https://www.tourismbarrie.com/images/default-source/2023-coe-images/drysdalehalloween.jpg?sfvrsn=d8970f13_0""]",America/Toronto,,,"Drysdale Tree Farm, 6635 Simcoe Road 56",Egbert,Ontario,,Canada,,,,https://www.drysdales.ca/seasonal-event.php?id=11,705-424-9719,"October 4, 2025","October 26, 2025"
Quayle's Fall Festival,"Celebrate the harvest season at Quayle‚Äôs Brewery! From October 9 to 31, enjoy fresh hop beers, a seasonal fall menu, and live local music every weekend. Festival Highlights: Comedy Night (ticketed), Hoptoberfest with games for all ages, Family-friendly activities, Wagon rides and pumpkin painting, Halloween Bash to close out the festival. Experience the beauty of the farm, the flavours of the harvest, and the warmth of the season at Quayle‚Äôs Fall Festival.",https://quaylesbrewery.ca/events/,,https://www.tourismbarrie.com/images/default-source/2023-coe-images/quaylesfallfestival.png?sfvrsn=ba3c0713_1,"[""https://www.tourismbarrie.com/images/default-source/2023-coe-images/quaylesfallfestival.png?sfvrsn=ba3c0713_1""]",America/Toronto,"[""Quayle's Brewery""]",,4567 Line 12 North,Coldwater,Ontario,,Canada,,,events@quaylesbrewery.com,https://quaylesbrewery.ca/events/,705-298-0204,"October 9, 2025","October 31, 2025"
Hallowalk at Friday Harbour,"Friday Harbour brings you the best of the spooky season. Enjoy an evening of thrills and chills as the Nature Preserve transforms into a haunted Halloween trail. Travel through the woods along a lit path with spooky d√©cor and themed zones. Ghosts, pumpkins, witches, and more come to life in the Nature Preserve as guests follow the trail starting at Friday Drive and Hickory Lane.",https://www.tourismbarrie.com/festivals-events/details/2025/10/10/default-calendar/hallowalk-at-friday-harbour,Ticketed,https://www.tourismbarrie.com/images/default-source/2023-coe-images/fridayharbour_hallowalk.jpg?sfvrsn=d3650213_1,"[""https://www.tourismbarrie.com/images/default-source/2023-coe-images/fridayharbour_hallowalk.jpg?sfvrsn=d3650213_1""]",America/Toronto,,,Nature Preserve at Friday Harbour,Innisfil,Ontario,,Canada,,,marketing@fridayharbour.com,"https://www.fridayharbour.com/events?month=October%2001,%202025#calendar",705-812-8880,"October 10, 2025","November 1, 2025"
28th Barrie Film Festival,The 28th edition of this multifaceted festival provides a curated selection of films from all over the world with a particular emphasis on Canadian creators and their work.,https://barriefilmfestival.ca/festivals/annual-barrie-film-festival/,$12,https://www.tourismbarrie.com/images/default-source/partner-listing-box-images/barriefilmfestival_600x350.jpg?sfvrsn=8210a13_0,"[""https://www.tourismbarrie.com/images/default-source/partner-listing-box-images/barriefilmfestival_600x350.jpg?sfvrsn=8210a13_0""]",America/Toronto,,,72 Commerce Park Drive,Barrie,Ontario,,Canada,,,info@barriefilmfestival.ca,https://barriefilmfestival.ca/festivals/annual-barrie-film-festival/,,"October 18, 2025","October 26, 2025"
Hardwood Ski and Bike Ski Swap,"The Saturday (October 18th) morning entry to Swap must be reserved in advance by online registration. Those not on our list will not be admitted on Saturday (October 18th) at 9am or 10:45am. Saturday shopping times will run in blocks of 90 minutes starting at 9am, with a 15-minute break between blocks. Shoppers may only enter the swap within their allotted time block; shoppers do not need to arrive exactly at the start of their block. In an effort to ensure blocks are filled fairly, a $10 per person fee will be charged at registration. This fee can be recuperated as Ski Swap credit for purchases of at least $10 before tax (Fees may only be recuperated individually). Fee will not be refunded for no-shows, cancellations, or those who leave the Ski without a purchase from the Swap or Retail Store. Starting Saturday, October 18th at 12:15pm, through to Thursday, October 23rd the Swap is open to all visitors with no reservation required. No fee will be charged, and no discount will be applied to purchases.",https://www.tourismbarrie.com/festivals-events/details/2025/10/18/default-calendar/hardwood-ski-swap,$10 per person fee at registration,https://www.tourismbarrie.com/images/default-source/2023-coe-images/hardwoodskiandbike.jpg?sfvrsn=26e0213_1,"[""https://www.tourismbarrie.com/images/default-source/2023-coe-images/hardwoodskiandbike.jpg?sfvrsn=26e0213_1""]",America/Toronto,,,402 Old Barrie Road West,Oro Medonte,Ontario,,Canada,,,,https://hardwoodskiandbike.ca/ski-swap/,705-487-3775,"October 18, 2025","October 23, 2025"
Speaking of Wildlife,"Join us for PA Day fun and educational live-animal presentations at the Five Points Theatre on October 24th with Speaking of Wildlife and their animal ambassadors. There are three sessions available: 10:30am: arrival, static displays and crafts 11am: A 30-minute Interactive Presentation will feature native Ontario wildlife ambassadors and information about their species, adaptations, and habitat. 12:30pm: arrival, static displays and crafts 1pm: A 30-minute Interactive Presentation will feature native Ontario wildlife ambassadors and information about their species, adaptations, and habitat. 2:30pm: arrival, static display and crafts 3pm: A 30-minute Interactive Presentation will feature native Ontario wildlife ambassadors and information about their species, adaptations, and habitat. Guests will have the opportunity to meet and greet with incredible wildlife friends like opossums, hawks, turtles, owls and more!",https://www.tourismbarrie.com/festivals-events/details/2025/10/24/default-calendar/speaking-of-wildlife,,https://www.tourismbarrie.com/images/default-source/2023-coe-images/speakingofwildlife.png?sfvrsn=a801813_1,"[""https://www.tourismbarrie.com/images/default-source/2023-coe-images/speakingofwildlife.png?sfvrsn=a801813_1""]",America/Toronto,,,"The Five Points Theatre, 1 Dunlop Street West",Barrie,Ontario,,Canada,,,Culture.venues@barrie.ca,https://tprocob.ticketpro.ca/en/pages/1663625003,705-739-4228,"October 24, 2025","October 24, 2025"
"Blue Rodeo: ""Lost Together"" - The 40th Anniversary Tour","Today, legendary alt-country rockers Blue Rodeo announced they'll be hitting the road for a brand-new Canadian tour, celebrating an incredible 40 years of music. Spanning cities from coast to coast, this milestone tour honours one of Canada's most beloved and enduring bands. From their roots in the Toronto club scene to becoming national icons, Blue Rodeo has spent four decades creating the soundtrack to countless Canadian lives ‚Äî and they're not done yet. Joining them on all dates is acclaimed singer/songwriter Adam Baldwin, bringing his powerful live energy and East Coast spirit to the stage. Don't miss this unforgettable celebration of four decades of songs, stories, and the road in between.",https://www.tourismbarrie.com/festivals-events/details/2025/10/25/default-calendar/blue-rodeo-lost-together---the-40th-anniversary-tour,,https://www.tourismbarrie.com/images/default-source/2023-coe-images/1652573718.jpeg?sfvrsn=55de1813_1,"[""https://www.tourismbarrie.com/images/default-source/2023-coe-images/1652573718.jpeg?sfvrsn=55de1813_1""]",America/Toronto,"[""Blue Rodeo""]",,"Sadlon Arena, 555 Bayview Drive",Barrie,Ontario,L4N 3K3,Canada,,,info@tourismbarrie.com,https://tprocob.ticketpro.ca/en/pages/1652687055,(705) 739-9444,"October 24, 2025","October 24, 2025"
The Rocky Horror Picture Show (Movie Screening),"Let's Do the Time Warp... Again! Join us for the 50th Anniversary Celebration of The Rocky Horror Picture Show ‚Äî the ultimate cult classic that broke all the rules and created a phenomenon! Slip into your fishnets, grab your toast, and get ready for a wild night of audience participation, iconic music, and absolute pleasure. Whether you're a die-hard Transylvanian or a curious first-timer, this golden anniversary promises to be louder, weirder, and more fabulous than ever. **Doors open at 7pm and the movie starts at 8pm** The full Rocky experience - patrons are free to yell, talk and dance along. You are encouraged to dress up, dance and sing along. Props are welcome (kits will be available for purchase, pending availability) - here is what you can bring: Bubbles (NO rice please!) for the wedding scene Newspapers to hold over your head when Brad and Janet are in the storm Toast/Melba toast (unbuttered) for when Frankie calls a toast at dinner Party horns for the end of the creation speech Rubber gloves for the creation speech (great sound effect if snapped in sync) Please be respectful of other patrons - NOTE this is an immersive film screening. Do not throw items at the screen or other patrons. Rated: R (Strictly 19+) Themed d√©cor, delicious cocktails and mocktails, popcorn & concessions available for purchase before the film and during intermission in the lower lobby.",https://www.tourismbarrie.com/festivals-events/details/2025/10/25/default-calendar/monday-movies-at-five-points-theatre---barbie,,https://www.tourismbarrie.com/images/default-source/2023-coe-images/rockyhorrorpictureshow.png?sfvrsn=ead11813_1,"[""https://www.tourismbarrie.com/images/default-source/2023-coe-images/rockyhorrorpictureshow.png?sfvrsn=ead11813_1""]",America/Toronto,,,"Five Points Theatre, 1 Dunlop Street West",Barrie,Ontario,,Canada,,,,https://tprocob.ticketpro.ca/en/pages/1662899402,705-739-4228,"October 25, 2025","October 25, 2025"
Haunted Happenings in Miramichi,"Ghosts, zombies, legendary haunts, scary trails, corn mazes, parks and graveyards are waiting for you in Miramichi! Come to our many spooktacular events for the entire family and discover the mysterious side of Miramichi‚Ä¶if you dare! Events are planned in various locations, including Wilson‚Äôs Point Cemetery, French Fort Cove, Queen Elizabeth Park as well as in Upper Blackville and Williamstown.",https://tourismnewbrunswick.ca/festivals-events/haunted-happenings-miramichi,,https://tourismnewbrunswick.ca/sites/default/files/styles/homepage_hero/public/images/events/wilsonspointnighthaunted.jpg,"[""https://tourismnewbrunswick.ca/sites/default/files/images/events/scary-beaverbrook-house-miramichi.png"", ""https://tourismnewbrunswick.ca/sites/default/files/images/events/wilsonspoint-cemetary.png"", ""https://tourismnewbrunswick.ca/sites/default/files/images/events/headless-nun-french-fort-cove.png""]",America/Moncton,,,Various locations,Miramichi,New Brunswick,,Canada,,,,https://www.discovermiramichi.com/events,,"Sun, Sep 28, 2025","Fri, Oct 31, 2025"
New Maryland Halloween House,"Family of 3 running a walk through display located in the Springwater Subdivision of New Maryland, near Fredericton, during the Halloween season. Thursday/Friday/Saturday nights from 6:30pm to 8:30pm (weather permitting). $5 per group of up to 5 people (includes 1 free raffle ticket for prizes donated by local vendors). More raffle tickets are $5 each. Special charity nights held Friday & Saturday October 24-25 from 6pm to 9pm in support of Mothers Against Drunk Driving.",https://tourismnewbrunswick.ca/festivals-events/new-maryland-halloween-house,$5 per group of up to 5 people,https://tourismnewbrunswick.ca/sites/default/files/styles/homepage_hero/public/images/events/house-3_0.jpg,"[""https://tourismnewbrunswick.ca/sites/default/files/images/events/house-1.jpg"", ""https://tourismnewbrunswick.ca/sites/default/files/images/events/house-2.jpg"", ""https://tourismnewbrunswick.ca/sites/default/files/images/events/house-3.jpg""]",America/Moncton,"[""Family of 3""]","[""local vendors""]",37 Cains Brook Lane,New Maryland,NB,,Canada,,,,https://www.facebook.com/newmarylandhalloweenhouse,,"Thu, Oct 9, 2025","Sat, Oct 25, 2025"
Rockwood Park Haunted Campground,"Join us for a spine-chilling experience at Rockwood Park Haunted Campground during the second half of October. Pick the Low Scare or Heart-pounding Scare option and prepare yourself for a night filled with eerie encounters, terrifying trails, and bone-chilling surprises.",https://tourismnewbrunswick.ca/festivals-events/rockwood-park-haunted-campground,,https://tourismnewbrunswick.ca/sites/default/files/styles/homepage_hero/public/images/events/rockwoodparkhauntedcampground_resized.jpg,"[""https://tourismnewbrunswick.ca/themes/custom/tourism/assets/images/markers/marker.png"", ""https://maps.gstatic.com/mapfiles/transparent.png""]",America/Moncton,,,Rockwood Park Campground 142 Lake Drive South,Saint John,NB,,Canada,,,,https://rockwoodparkcampground.com/campground/activities,,"Wed, Oct 15, 2025","Sun, Oct 26, 2025"
Parlures d'icitte Storytelling Festival,"Parlures d'icitte is the only Francophone storytelling festival in the Maritimes. Every year it brings together national and even international storytellers who take young and old on a journey in a variety of activities! Shows, storytelling meals, treasure hunts, mystery evenings and many more.",https://tourismnewbrunswick.ca/festivals-events/parlures-dicitte,,https://tourismnewbrunswick.ca/sites/default/files/styles/homepage_hero/public/images/events/image.png,"[""https://tourismnewbrunswick.ca/sites/default/files/images/events/Festival%20Parlures%20d%27icittes%202024%20-%20verger.jpg"", ""https://tourismnewbrunswick.ca/sites/default/files/images/events/Festival%20Parlures%20d%27icittes%202024%20-%20enfants.jpg"", ""https://tourismnewbrunswick.ca/sites/default/files/images/events/Festival%20Parlures%20d%27icittes%202024%20-%20speaker.jpg""]",,,,"580, Centrale Street",Memramcook,NB,,Canada,,,,https://www.culturememramcook.ca/festival-parlures-d-icitte,,"Sat, Oct 18, 2025","Sat, Oct 25, 2025"
Boo at the Zoo,"A spooktacular family tradition at the Magnetic Hill Zoo! Step into our 40-acre park transformed with Halloween magic. From silly and spooky decorations to hair-raising haunted venues, there‚Äôs something for everyone‚Äîwhether you‚Äôre a little pumpkin üéÉ or a full-on thrill seeker. So get your tickets and don‚Äôt miss your chance to experience the wildest thrills in town!",https://tourismnewbrunswick.ca/festivals-events/boo-zoo,,https://tourismnewbrunswick.ca/sites/default/files/styles/homepage_hero/public/images/events/Boo%20at%20the%20Zoo-88.jpg,"[""https://tourismnewbrunswick.ca/sites/default/files/images/events/boo-at-the-zoo-5.jpg"", ""https://tourismnewbrunswick.ca/sites/default/files/images/events/boo-at-the-zoo-84.jpg"", ""https://tourismnewbrunswick.ca/sites/default/files/images/events/boo-at-the-zoo-88.jpg"", ""https://tourismnewbrunswick.ca/sites/default/files/images/events/boo-at-the-zoo-92.jpg"", ""https://tourismnewbrunswick.ca/sites/default/files/images/events/boo-at-the-zoo-94.jpg"", ""https://tourismnewbrunswick.ca/sites/default/files/images/events/boo-at-the-zoo-16.jpg"", ""https://tourismnewbrunswick.ca/sites/default/files/images/events/boo-at-the-zoo-18.jpg"", ""https://tourismnewbrunswick.ca/sites/default/files/images/events/boo-at-the-zoo-24.jpg"", ""https://tourismnewbrunswick.ca/sites/default/files/images/events/boo-at-the-zoo-101.jpg""]",America/Moncton,,,125 Magic Mountain Rd.,Moncton,NB,,Canada,,,,https://www.zoodemagnetichillzoo.ca/boo-at-the-zoo,,"Sat, Oct 18, 2025","Sun, Oct 26, 2025"
Folk Racines Festival,"Folk Racines Festival celebrates farming, rural Acadie and harvest time in Rogersville. There is something for everyone: cultural and artistic activities, activities for children, rural university, workshops, tastings, open day at the farm and great food!",https://tourismnewbrunswick.ca/festivals-events/festival-folk-racines,,https://tourismnewbrunswick.ca/sites/default/files/styles/homepage_hero/public/images/events/361096917_668142008685178_7675357810267621271_n%281%29.jpg,"[""https://tourismnewbrunswick.ca/sites/default/files/images/events/Festival%20Folk%20Racine%20-%20sign.jpeg"", ""https://tourismnewbrunswick.ca/sites/default/files/images/events/244644103_228538622647568_6476496713270518037_n.jpg"", ""https://tourismnewbrunswick.ca/sites/default/files/images/events/Festival%20Folk%20Racine%20-%20regeneration.jpeg"", ""https://tourismnewbrunswick.ca/sites/default/files/images/events/Festival%20Folk%20Racine%20-%20event2.jpg"", ""https://tourismnewbrunswick.ca/sites/default/files/images/events/Festival%20Folk%20Racine%20-%20event.jpg""]",America/Moncton,,,1312 Pleasant Ridge Rd.,Rogersville,NB,,Canada,,,,https://www.facebook.com/festivalfolkracines,,"Mon, Oct 20, 2025","Sun, Oct 26, 2025"
FearFest in Grand Falls,"Celebrate Halloween in Grand Falls with a magical stroll along the Pumpkin Trail, where more than 400 artistically decorated pumpkins, live characters, music, and food trucks create a festive fall wonderland. Then, test your courage in the Haunted House, a thrilling maze of spooky surprises and eerie encounters, complete with a photo booth and canteen treats‚Äîperfect Halloween fun for all ages!",https://tourismnewbrunswick.ca/festivals-events/fearfest-grand-falls,,https://tourismnewbrunswick.ca/sites/default/files/styles/homepage_hero/public/images/events/GrandFallsSentierCItrouilles.jpg,"[""https://tourismnewbrunswick.ca/sites/default/files/images/events/Haunted%20House%20Grand%20Falls.jpg"", ""https://tourismnewbrunswick.ca/sites/default/files/images/events/Pumpkin%20Trail%20Grand%20Falls.jpg"", ""https://tourismnewbrunswick.ca/sites/default/files/images/events/Pumpkin%20Trail%20Grand%20Falls%20Night.jpg""]",America/Moncton,,,Various locations,Grand Falls,NB,,Canada,,,,https://www.grandsault.com/en/festipeur,,"Wed, Oct 22, 2025","Sun, Oct 26, 2025"
Semaine Music¬∑Musique NB Week,"Taking place in Moncton, New Brunswick, the Semaine Music¬∑Musique NB Week is three days of showcases, conferences and awards. Discover (or re-discover) amazing emerging and established New Brunswick musical talents.",https://tourismnewbrunswick.ca/festivals-events/semaine-musicmusique-nb-week,,https://tourismnewbrunswick.ca/sites/default/files/styles/homepage_hero/public/images/events/lpc_3155_0.jpg,"[""https://tourismnewbrunswick.ca/sites/default/files/images/events/lpc_4831.jpg"", ""https://tourismnewbrunswick.ca/sites/default/files/images/events/lpc_2978.jpg"", ""https://tourismnewbrunswick.ca/sites/default/files/images/events/img_9588.jpg"", ""https://tourismnewbrunswick.ca/sites/default/files/images/events/34.jpg"", ""https://tourismnewbrunswick.ca/sites/default/files/images/events/45.jpg""]",America/Moncton,,,"140, Botsford St.",Moncton,NB,,Canada,,,,https://www.musicnb.org/en/semaine-mnb-week/semaine-mnb-week-2025,,"Thu, Oct 23, 2025","Sat, Oct 25, 2025"
Dia de los Muertos Saint John,"Enjoy ballet performances, art installations, live music, and much more. Don't miss out on this unique celebration of culture and Mexican heritage! Dia de los Muertos is a traditional Mexican festival that celebrates art, culture, and community while honouring those that have come before us. The event is a welcoming experience that is built on diversity and inclusion, and adds a new layer to Saint John‚Äôs urban vibrancy.",https://tourismnewbrunswick.ca/festivals-events/dia-de-los-muertos-saint-john-0,,https://tourismnewbrunswick.ca/sites/default/files/styles/homepage_hero/public/images/events/dia-de-los-muertos-saint-john-1_3.jpg,"[""https://tourismnewbrunswick.ca/sites/default/files/styles/content/public/images/events/dia-de-los-muertos-saint-john-2_3.jpg""]",America/Moncton,,,Grannan Street,Saint John,NB,,Canada,,,,https://www.diadelosmuertossj.com/,,"October 25, 2025","October 25, 2025"
Choral Fest,"Every year, singers from New Brunswick and around the country gather at the New Brunswick Choral Federation‚Äôs Choral Fest to rehearse and perform a significant work under one of Canada‚Äôs leading choral conductors. Choral Fest 2025 will feature ‚ÄúA Season to Sing,‚Äù a choral reimagining by British composer Joanna Forbes l‚ÄôEstrange of Vivaldi‚Äòs beloved and timeless The Four Seasons. Come Sing With Us!",https://tourismnewbrunswick.ca/festivals-events/choral-fest,,https://tourismnewbrunswick.ca/sites/default/files/styles/homepage_hero/public/images/events/ChoralFest.jpg,"[""https://tourismnewbrunswick.ca/sites/default/files/images/events/sar_6825.jpg"", ""https://tourismnewbrunswick.ca/sites/default/files/images/events/sar_6839.jpg"", ""https://tourismnewbrunswick.ca/sites/default/files/images/events/sar_6850.jpg""]",America/Moncton,"[""New Brunswick Choral Federation""]",,Saint Paul‚Äôs United Church 4 Morrison Avenue,Sussex,NB,,Canada,,,,https://nbcfsite.wordpress.com/choral-fest/,,"Fri, Oct 24, 2025","Sun, Oct 26, 2025"
FrancoF√™te en Acadie,"The FrancoF√™te en Acadie is an annual Acadian and Francophone performing arts event bringing together presenters, artists and professionals in the sector as well as the public. During this event produced by RADARTS, an organization promoting francophone performing arts throughout the Atlantic provinces, everyone is invited to enjoy a selection of quality showcases and shows.",https://tourismnewbrunswick.ca/festivals-events/francofete-en-acadie,,https://tourismnewbrunswick.ca/sites/default/files/styles/homepage_hero/public/images/events/francofete-logo.jpg,"[""https://tourismnewbrunswick.ca/sites/default/files/images/events/francofete.jpg""]",America/Moncton,"[""RADARTS""]",,331 Acadie Avenue,Dieppe,New Brunswick,,Canada,,,,https://www.radarts.ca/francofete-en-acadie,,"Tue, Nov 4, 2025","Sun, Nov 9, 2025"
Haunted Trails at Daly Point Nature Reserve,Enjoy Halloween activities at Daly Point Nature Reserve in Bathurst! Families are invited to walk the trails in costume and receive Halloween treats. Join us after dark to get frighten in the trails at Daly Point! Dressed up volunteers there to scare you throughout the trails. Come alone or in a group and sign in before accessing the trails.,https://tourismnewbrunswick.ca/festivals-events/haunted-trails-daly-point-nature-reserve,,https://tourismnewbrunswick.ca/sites/default/files/styles/homepage_hero/public/images/events/Daly%20Point%20Fall.jpg,,America/Moncton,,,2105 Caron Drive,Bathurst,NB,,Canada,,,,https://www.facebook.com/DalyPointNature,,"Sat, Oct 25, 2025","Sat, Oct 25, 2025"
Silver Wave Film Festival,"Over 100 films by local, national, and international filmmakers; workshops, panels, parties, and guest filmmakers. Every year‚Äôs event offers a showcase of multicultural, international, French and English programming of all genres and lengths and a comprehensive industry series which brings experienced, emerging producers and filmmakers together.",https://tourismnewbrunswick.ca/festivals-events/silver-wave-film-festival,,https://tourismnewbrunswick.ca/sites/default/files/styles/homepage_hero/public/images/events/swff-photo-2024_0.png,"[""https://tourismnewbrunswick.ca/sites/default/files/images/events/swff-photo-2-2024.jpg"", ""https://tourismnewbrunswick.ca/sites/default/files/images/events/Silver%20Wave%20Film%20Festival%20Auditorium.jpg"", ""https://tourismnewbrunswick.ca/sites/default/files/images/events/Silver%20Wave%20Film%20Festival.jpg""]",America/Regina,,,732 Charlotte Street,Fredericton,NB,,Canada,,,,https://www.swfilmfest.com/,,"Thu, Nov 6, 2025","Thu, Nov 13, 2025"
The Wrapped Garden (Le Jardin emball√©),"The New Brunswick Botanical Garden displays a sparkling and illuminated decor that will enchant the young and young at heart during the Wrapped Garden (Jardin emball√©) event kicking off the magic of the holiday season. At the heart of this event is a large public market bringing together more than fifty vendors showcasing local products, impressive artwork, and unique crafts. Musicians and singers are on site to delight everyone's ears and hearts, and culinary treats will delight foodies and make your mouth water.",https://tourismnewbrunswick.ca/festivals-events/wrapped-garden-le-jardin-emballe,,https://tourismnewbrunswick.ca/sites/default/files/styles/homepage_hero/public/images/events/1i2a0296logonet_1.jpg,"[""https://tourismnewbrunswick.ca/sites/default/files/images/events/1i2a0236logonet.jpg"", ""https://tourismnewbrunswick.ca/sites/default/files/images/events/1i2a0296logonet.jpg"", ""https://tourismnewbrunswick.ca/sites/default/files/images/events/1i2a0339netlogo.jpg"", ""https://tourismnewbrunswick.ca/sites/default/files/images/events/1i2a9528logo.jpg"", ""https://tourismnewbrunswick.ca/sites/default/files/images/events/1i2a0241net.jpg"", ""https://tourismnewbrunswick.ca/sites/default/files/images/events/1i2a0292net.jpg"", ""https://tourismnewbrunswick.ca/sites/default/files/images/events/1i2a0359net_1.jpg"", ""https://tourismnewbrunswick.ca/sites/default/files/images/events/1i2a0480net.jpg""]",America/Moncton,,,15 Isidore-Boucher Blvd.,Edmundston,NB,,Canada,,,,https://jardinnbgarden.com/en/jardin-emballe/,,"Fri, Nov 7, 2025","Sun, Nov 9, 2025"
Moncton Wine Expo,"Experience the ultimate fusion of exceptional wines and gourmet cuisine at Moncton‚Äôs Wine Expo. Attend a grand tasting of wines from local and international vineyards with gourmet bites from the region‚Äôs finest Chefs and food purveyors, and a series of wine tastings and seminars tailored to suit all tastes and budgets.",https://tourismnewbrunswick.ca/festivals-events/moncton-wine-expo,,https://tourismnewbrunswick.ca/sites/default/files/styles/homepage_hero/public/images/events/wineexpo_2_564x370.png,"[""https://tourismnewbrunswick.ca/sites/default/files/images/events/world-wine-food-expo-moncton.jpg""]",America/Moncton,,,377 Killam Drive,Moncton,NB,,Canada,,,,https://wineexpo.ca/en/,,"Fri, Nov 7, 2025","Sat, Nov 8, 2025"
Christmas at the Station,"The McAdam Railway Station invites you to join us for Christmas at the Station for two weeks in November. See this historic heritage railway station all decorated and lit beautifully for Christmas ‚Äì it is a magical experience for the entire family. Every visitor is greeted with a hot cup of cider and each room is decorated by non-profit organizations, residents of McAdam, and local businesses.",https://tourismnewbrunswick.ca/festivals-events/christmas-station,,https://tourismnewbrunswick.ca/sites/default/files/styles/homepage_hero/public/images/events/tasha-elliot-photo_credit-photographer.jpg,"[""https://tourismnewbrunswick.ca/sites/default/files/images/events/waiting-room-2.jpg"", ""https://tourismnewbrunswick.ca/sites/default/files/images/events/christmas-at-the-station_3.jpg"", ""https://tourismnewbrunswick.ca/sites/default/files/images/events/capture2.png"", ""https://tourismnewbrunswick.ca/sites/default/files/images/events/McAdamStationChristmas.JPG""]",America/Moncton,"[""McAdam Railway Station""]",,96 Saunders Road,McAdam,NB,,Canada,,,,https://www.mcadamstation.ca/,,"Thu, Nov 13, 2025","Sun, Nov 23, 2025"
Monde en f√™te Intercultural Festival,"Monde en f√™te is an intercultural festival organized by CAFi (Centre d‚Äôaccueil et d‚Äôaccompagnement francophone des immigrants du Sud-Est du Nouveau-Brunswick), a non-profit organization that helps francophone immigrants to become settled in the community. This event aims to bring together people from various backgrounds to celebrate diversity through performances, exhibitions, food, and cultural activities.",https://tourismnewbrunswick.ca/festivals-events/monde-en-fete-intercultural-festival,,https://tourismnewbrunswick.ca/sites/default/files/styles/homepage_hero/public/images/events/festival-monde-en-fete_0.jpg,"[""https://tourismnewbrunswick.ca/sites/default/files/images/events/img_2788.jpg"", ""https://tourismnewbrunswick.ca/sites/default/files/images/events/img_3145.jpg"", ""https://tourismnewbrunswick.ca/sites/default/files/images/events/img_3473.jpg"", ""https://tourismnewbrunswick.ca/sites/default/files/images/events/img_3703.jpg"", ""https://tourismnewbrunswick.ca/sites/default/files/images/events/img_3797.jpg"", ""https://tourismnewbrunswick.ca/sites/default/files/images/events/img_3974.jpg"", ""https://tourismnewbrunswick.ca/sites/default/files/images/events/img_4182_1.jpg"", ""https://tourismnewbrunswick.ca/sites/default/files/images/events/img_2639_1.jpg""]",America/Moncton,"[""CAFi (Centre d\u2019accueil et d\u2019accompagnement francophone des immigrants du Sud-Est du Nouveau-Brunswick)""]",,505 Du College Street & 331 Acadie Ave.,Dieppe,NB,,Canada,,,,https://www.mondeenfete.ca/,,"Fri, Nov 14, 2025","Sun, Nov 16, 2025"
Saint John Beer Fest,"Get ready for an unforgettable time at the Saint John Beer Fest! Join us at the Saint John Trade & Convention Centre for a high-energy celebration of craft beer, cider, seltzers, and ready-to-drink creations from near and far. Enjoy bottomless samples, carnival-style games, live entertainment, and unbeatable vibes ‚Äî all in support of Housing Alternatives, providing safe and affordable housing for youth in need.",https://tourismnewbrunswick.ca/festivals-events/saint-john-beer-fest,,https://tourismnewbrunswick.ca/sites/default/files/styles/homepage_hero/public/images/events/saint-john-beer-fest-logo_0_0_0_0.jpg,"[""https://tourismnewbrunswick.ca/sites/default/files/images/events/sjbeerfest-picaroons-group.jpg""]",America/Moncton,,,"Saint John Trade and Convention Centre, 1 Market Square",Saint John,NB,,Canada,,,,https://www.eventbrite.ca/e/saint-john-beer-fest-2025-tickets-1117873552889,,"November 15, 2025","November 15, 2025"
FICFA (Festival international du cin√©ma francophone en Acadie),"The Festival international du cin√©ma francophone en Acadie (FICFA) showcases filmmakers from around the globe and highlights local talents in the Acadian and French film industry. Since 1987, this film festival presents a variety of films across different genres, including documentaries, comedies, dramas, and short films, many with English sub-titles so Francophiles can enjoy a wide selection of films. Whether you‚Äôre a film enthusiast or curious about Acadian and French culture, FICFA offers a meaningful and enriching experience in the heart of Moncton!",https://tourismnewbrunswick.ca/festivals-events/ficfa,,https://tourismnewbrunswick.ca/sites/default/files/styles/homepage_hero/public/images/events/02075924-9a7d-4d0b-992a-0a48002c35f1.jpeg,,,,,140 rue Botsford St.,Moncton,NB,,Canada,,,,https://www.ficfa.com/,,"Tue, Nov 18, 2025","Sun, Nov 23, 2025"
Rothesay Yule Christmas Market,"Brought to you by The Maritime Edit and together with CAA Atlantic, the Rothesay Yule is the kick-off to the season and a must attend fundraising event. Hosted both indoors and outdoors, indulge in a cosy marketplace of shopping and soak up the festive spirit; complete with live festive music, magic shows, petting zoo, complimentary treats and, of course, a special visit and family photo with Santa.",https://tourismnewbrunswick.ca/festivals-events/rothesay-yule-christmas-market,,https://tourismnewbrunswick.ca/sites/default/files/styles/homepage_hero/public/images/events/rothesay-yule-maritime-edit.jpg,"[""https://tourismnewbrunswick.ca/sites/default/files/images/events/rothesay-yule.jpg""]",America/Moncton,"[""The Maritime Edit""]","[""CAA Atlantic""]",40 College Hill Rd.,Rothesay,NB,,Canada,,,,https://maritimeedit.com/collections/yule-2024,,"Sun, Nov 16, 2025","Sun, Nov 16, 2025"
Christmas at the King's Head Inn in Kings Landing,"Since 1983, innkeepers at the King‚Äôs Head Inn have guided tens of thousands of guests by candlelight through the snow and into the magical warmth of the Inn. Join in this tradition and get in the spirit of Christmas! Once you enter the Inn, you will be met with a burst of Christmas music to get you in the spirit before the call to dine. After your meal, enjoy treats of Port, walnut toffee and gingerbread cookies. Book online and make this tradition your own!",https://tourismnewbrunswick.ca/festivals-events/christmas-kings-head-inn,,https://tourismnewbrunswick.ca/sites/default/files/styles/homepage_hero/public/images/events/picture-gals_0_0.jpg,"[""https://tourismnewbrunswick.ca/sites/default/files/images/events/christmas-kings-landing-group.jpg"", ""https://tourismnewbrunswick.ca/sites/default/files/images/events/christmas-kings-landing-2023.jpg""]",America/Moncton,,,5804 Route 102,Prince William,NB,,Canada,,,,https://kingslanding.nb.ca/christmas-at-the-khi/,,"Fri, Nov 21, 2025","Sun, Dec 21, 2025"
New Brunswick Spirits Festival,"Canada's oldest spirits festival! Join us for a multi-day celebration of the world‚Äôs finest spirits, featuring top-tier brands and industry experts from around the globe. Events include various dinners host by brand ambassadors and world renowned food experts, a huge selection of master classes, a special event at the Beaverbrook Art Gallery, the famous Festival Showcase and more! Onsite store operated by ANBL with festival exclusive products available for purchase.",https://tourismnewbrunswick.ca/festivals-events/new-brunswick-spirits-festival,,https://tourismnewbrunswick.ca/sites/default/files/styles/homepage_hero/public/images/events/NB%20Spirits%20-%20tasting.jpg,"[""https://tourismnewbrunswick.ca/sites/default/files/images/events/nb-spirits---bagpipe.jpg"", ""https://tourismnewbrunswick.ca/sites/default/files/images/events/nb-spirits---tasting-ballroom.jpg"", ""https://tourismnewbrunswick.ca/sites/default/files/images/events/nb-spirits---tasting.jpg"", ""https://tourismnewbrunswick.ca/sites/default/files/images/events/nb-spirits---glasses.jpg"", ""https://tourismnewbrunswick.ca/sites/default/files/images/events/nb-spirits---beaverbrook.jpg"", ""https://tourismnewbrunswick.ca/sites/default/files/images/events/nb-spirits---experts.jpg"", ""https://tourismnewbrunswick.ca/sites/default/files/images/events/nb-spirits---table.jpg""]",America/Moncton,,,Delta Fredericton 225 Woodstock Rd.,Fredericton,NB,,Canada,,,,https://www.whiskynb.ca/Festival/,,"Tue, Nov 18, 2025","Sat, Nov 22, 2025"
Turner‚Äôs Christmas at the Coliseum,"The Turner's Christmas Exhibition, every year in November, features gift ideas for everyone on your Christmas list. With hundreds of exhibitors to choose from, you will find arts, crafts, wood working, jewelry, gourmet food and much more. You are sure to find that special gift for that special someone!",https://tourismnewbrunswick.ca/festivals-events/turners-christmas-coliseum,,https://tourismnewbrunswick.ca/sites/default/files/styles/homepage_hero/public/images/events/turner-christmas-at-the-coliseum.jpg,,,,,377 Killam Drive,Moncton,NB,,Canada,,,,https://www.turnerschristmas.com/,,"Fri, Nov 21, 2025","Sun, Nov 23, 2025"
Greater Moncton Santa Claus Parade,"Bright lights, colourful costumes, festive music and a whole lot of good cheer, that‚Äôs what the ROYALE¬Æ Greater Moncton Santa Claus Parade is all about. Nothing warms the heart on a cold winter‚Äôs night like being surrounded by thousands of friendly faces and taking part in an age-old tradition, so fill your thermoses, head down to Main Street, huddle up with your loved ones and get ready to welcome the ‚ÄúBig Guy‚Äù to town.",https://tourismnewbrunswick.ca/festivals-events/greater-moncton-santa-claus-parade,,https://tourismnewbrunswick.ca/sites/default/files/styles/homepage_hero/public/images/events/06_santa-claus-parade-snow-1.jpg,"[""https://tourismnewbrunswick.ca/sites/default/files/images/events/santa-claus-parade-2.jpg"", ""https://tourismnewbrunswick.ca/sites/default/files/images/events/santa-claus-parade-42.jpg"", ""https://tourismnewbrunswick.ca/sites/default/files/images/events/santa-claus-parade-46.jpg"", ""https://tourismnewbrunswick.ca/sites/default/files/images/events/santa-claus-parade-98.jpg"", ""https://tourismnewbrunswick.ca/sites/default/files/images/events/santa-claus-parade-108.jpg"", ""https://tourismnewbrunswick.ca/sites/default/files/images/events/santa-claus-parade-113.jpg"", ""https://tourismnewbrunswick.ca/sites/default/files/images/events/santa-claus-parade-131.jpg"", ""https://tourismnewbrunswick.ca/sites/default/files/images/events/santa-claus-parade-133.jpg"", ""https://tourismnewbrunswick.ca/sites/default/files/images/events/santa-claus-parade-134.jpg""]",America/Moncton,,,655 Main Street,Moncton,NB,,Canada,,,,https://parademoncton.ca/scp_welcome_en.php,,"Sat, Nov 22, 2025","Sat, Nov 22, 2025"
Christmas by-the-Sea in Saint Andrews,Come to Saint Andrews by-the-Sea and celebrate everything Christmas with us! Experience the magic of our lovely town during the Holidays.,https://tourismnewbrunswick.ca/festivals-events/christmas-sea,,https://tourismnewbrunswick.ca/sites/default/files/styles/homepage_hero/public/images/events/chrismasbytheseafestsaintandrewsstorefront_1.jpg,"[""https://tourismnewbrunswick.ca/sites/default/files/images/events/ChristmasByTheSeaStAndrews-Hotel%20Europa.JPG"", ""https://tourismnewbrunswick.ca/sites/default/files/images/events/ChristmasByTheSeaStAndrews-CrockerHill.JPG""]",,,,Market Square & Historic Downtown District,Saint Andrews,NB,,Canada,,,,https://christmasbythesea.ca/,,"Mon, Nov 24, 2025","Sun, Dec 14, 2025"
