Province,Website Name,Category,Website URL,Type,Notes,Verified by,Difficulty,,,,,,,,,,,,,,,,,
,,,,,,,,,,,,,,,,,,,,,,,,
National,Destination Canada,Federal Tourism (National DMO),https://www.destinationcanada.com/en-ca/events,,"Event page exist, but donot have any data that we can use here. crawling not allowed for links with /api/.",Saurav,,,,,,,,,,,,,,,,,,
National,Startup Canada,Entrepreneur Network,https://www.startupcan.ca,,"Events exist, but robots.txt restricts crawling of action/query URLs. Static HTML event listings can still be parsed. REST API endpoint /wp-json may exist but should be checked for accessibility.",Saurav,Hard,,,,,,,,,,,,,,,,,
National,Startup TNT,Startup Investment/Pitch Organization,https://startuptnt.com/events,,Squarespace robots.txt blocks AI bots and JSON endpoints. Data extraction possible from standard HTML event pages; use sitemap for indexing.,Saurav,Hard,,,,,,,,,,,,,,,,,
National,Womens Enterprise,Women's Network,http://www.womensenterprise.ca/,,"Website not accessible, maybe expired hosting.",Saurav,-,,,,,,,,,,,,,,,,,
National,Eventbrites,Event Aggregator,https://www.eventbrite.com/,,Dynamic event platform. Public API available. Events accessible without login. Robots.txt allows crawling of core pages (only minor bot rules and crawl-delay). Sitemap provided. Target event data present.,Saurav,Hard,,,,,,,,,,,,,,,,,
National,Showpass Canada,Ticketing Platform - Sports & Festivals,https://www.showpass.com/s/events/all/,,"Public API allowed in /api/. Admin and private paths blocked. Many bots denied, use a custom User-Agent. Extract events via API, not HTML.",Saurav,Medium,,,,,,,,,,,,,,,,,
National,Luma,Event Aggregator,https://lu.ma,,No robots.txt restrictions. Use page scraping or check for a hidden API.,Saurav,Hard,,,,,,,,,,,,,,,,,
National,Meetup (Canada),Event Aggregator,https://www.meetup.com/cities/ca/,,Many API/feed endpoints disallowed. Use public HTML pages; avoid crawling feeds or URLs with query parameters.,Saurav,Hard,,,,,,,,,,,,,,,,,
National,Women's Enterprise Centre (BC),Women's Network,https://www.womensenterprise.ca,,"Requires login, nothig publicly available",Saurav,Hard,,,,,,,,,,,,,,,,,
National,Women Entrepreneurs of Saskatchewan (WESK),Women's Network,,,"Events available publicly. No clear REST API, but Google Calendar/ICS feeds provide structured event data.",Saurav,Medium,,,,,,,,,,,,,,,,,
National,Canadian Elite Basketball League (CEBL),Professional Sports League,https://www.cebl.ca/schedule,,No robots.txt restrictions detected. No public API found. Use HTML scraping or calendar feed via “Add to Calendar” links.,Saurav,Medium,,,,,,,,,,,,,,,,,
National,Meetup Canada,Event Aggregator - Local Groups,https://www.meetup.com/cities/ca/,,Many API/feed endpoints disallowed. Use public HTML pages; avoid crawling feeds or URLs with query parameters.,Saurav,Medium,,,,,,,,,,,,,,,,,
National,Canada Running Series,Marathons & Road Races,https://www.canadarunningseries.com/,,Events data only via HTML pages; no API discovered.,Saurav,Medium,,,,,,,,,,,,,,,,,
National,Canadian Football League (CFL),Professional Sports League,https://www.cfl.ca/schedule/,,Stats and league leaders can be crawled. Query-parameter URLs blocked. Must respect 10s crawl delay.,Saurav,Medium,,,,,,,,,,,,,,,,,
National,Hockey Canada - Events,National Hockey Tournaments,,,Do not hit AJAX stats endpoints or disallowed file patterns. Stick to public championship pages without blocked paths or queries.,Saurav,Medium,,,,,,,,,,,,,,,,,
,,,https://www.showpass.com/,,,,,,,,,,,,,,,,,,,,,
Alberta,Airdrie Chamber of Commerce,Chamber events,https://www.airdriechamber.ab.ca,,GrowthZone chamber events calendar; public access,Saurav,Medium,,,,,,,,,,,,,,,,,
Alberta,Airdrie Economic Development,Municipal events,https://www.airdrie.ca,,Municipal site with dynamic event calendar; no public API,Saurav,Medium,,,,,,,,,,,,,,,,,
Alberta,Calgary Chamber of Commerce,Chamber events,https://www.calgarychamber.com,,Chamber event calendar; dynamic site; no public API,Saurav,Medium,,,,,,,,,,,,,,,,,
Alberta,Calgary Economic Development,Economic development,https://calgaryeconomicdevelopment.com,,Economic events & programs; dynamic site; no API,Saurav,Medium,,,,,,,,,,,,,,,,,
Alberta,Platform Calgary,Tech & innovation hub,https://platformcalgary.com,,Tech hub events calendar; site sometimes returns 502,Saurav,Medium,,,,,,,,,,,,,,,,,
Alberta,Startup TNT,Startup investment/events,https://startuptnt.com,,"Startup events (happy hours, summits); dynamic navigation",Saurav,Medium,,,,,,,,,,,,,,,,,
Alberta,Ticketmaster Sports (Calgary),Sports events,https://www.ticketmaster.ca/discover/sports/calgary,,Sports tickets listing; dynamic site,Saurav,High,,,,,,,,,,,,,,,,,
Alberta,Visit Calgary,Tourism events,https://www.visitcalgary.com,,Tourism event calendar; dynamic site,Saurav,Medium,,,,,,,,,,,,,,,,,
Alberta,Edmonton Chamber of Commerce,Chamber events,https://www.edmontonchamber.com,,Chamber events via GrowthZone; dynamic site,Saurav,Medium,,,,,,,,,,,,,,,,,
Alberta,Edmonton Global,Economic development,https://edmontonglobal.ca,,Economic events; robots restrict /calendar/action and queries,Saurav,Medium,,,,,,,,,,,,,,,,,
Alberta,Explore Edmonton,Tourism events,https://exploreedmonton.com,,Tourism events calendar; API path /api/ disallowed,Saurav,Medium,,,,,,,,,,,,,,,,,
Alberta,Startup Edmonton,Startup/innovation hub,https://www.startupedmonton.com,,Startup hub; site unreachable (502),Saurav,-,,,,,,,,,,,,,,,,,
Alberta,Ticketmaster Sports (Edmonton),Sports events,https://www.ticketmaster.ca/discover/sports/edmonton,,Sports tickets listing; dynamic site,Saurav,High,,,,,,,,,,,,,,,,,
Alberta,City of Grande Prairie (Business),Economic Development / Business Resources,https://cityofgp.com/business,,City-run business resources page; dynamic Drupal site with information and tools for businesses; no dedicated API.,Saurav,Medium,,,,,,,,,,,,,,,,,
Alberta,Grande Prairie Chamber of Commerce,Chamber / Business Events,https://grandeprairiechamber.com,,"WordPress site using GrowthZone/ChamberMaster. Provides public chamber events and resources; robots allow general crawling, except admin area.",Saurav,Medium,,,,,,,,,,,,,,,,,
Alberta,Grande Prairie Tourism (GPTourism),Tourism / Events,https://gptourism.ca,,Tourism site with member events section and events calendar; dynamic navigation; no known API.,Saurav,Medium,,,,,,,,,,,,,,,,,
Alberta,Startup TNT,Startup investment / events,https://www.startuptnt.com,,"Dynamic site with event listings (happy hours, summits). No API; public events accessible.",Saurav,Medium,,,,,,,,,,,,,,,,,
Alberta,Choose Lethbridge,Economic development,https://chooselethbridge.ca,,WordPress site with business and investment resources; robots disallow some wp-content areas but allow general crawling.,Saurav,Medium,,,,,,,,,,,,,,,,,
Alberta,Lethbridge Chamber of Commerce,Chamber / events,https://lethbridgechamber.com,,Runs on GrowthZone; public events calendar with membership and advocacy info; robots restrict certain query parameters but allow overall access.,Saurav,Medium,,,,,,,,,,,,,,,,,
Alberta,Lethbridge Sport Council,Sports & community events,https://lethbridgesportcouncil.ca/events,,Event page lists community sports events and descriptions; accessible without login; no API.,Saurav,Medium,,,,,,,,,,,,,,,,,
Alberta,Invest Medicine Hat (Medicine Hat Economic Development),Economic development / business,https://investmedicinehat.ca,,Site has migrated to medicinehat.ca/economic-development; dynamic and under transition. Limited accessibility during migration; business resources provided.,Saurav,High,,,,,,,,,,,,,,,,,
Alberta,Medicine Hat Chamber of Commerce,Chamber / events,https://www.medicinehatchamber.com,,Site redirects to Southeast Alberta Chamber of Commerce event calendar; provides networking and business events. Original site may experience connectivity issues.,Saurav,High,,,,,,,,,,,,,,,,,
Alberta,Tourism Medicine Hat,Tourism & events,https://www.tourismmedicinehat.com,,Tourism site with an events calendar listing local events such as Reconnecting to Play and Afternoon Movie. Public access; no API.,Saurav,Medium,,,,,,,,,,,,,,,,,
Alberta,Red Deer Chamber of Commerce,Chamber events,https://www.reddeerchamber.com,,"Chamber site (branded Southeast Alberta) with membership, advocacy and events menu. Public access; no API.",Saurav,Medium,,,,,,,,,,,,,,,,,
Alberta,City of Red Deer – Business,Government / business resources,https://www.reddeer.ca/business,,City website providing business development information and resources. Public content; dynamic page without API.,Saurav,Medium,,,,,,,,,,,,,,,,,
Alberta,Visit Red Deer,Tourism events,https://visitreddeer.com,,Tourism site advertising events and festivals in Red Deer. Current site difficult to access; search snippets show listings like Oktoberfest Comedy Night and Magic Festival.,Saurav,High,,,,,,,,,,,,,,,,,
Alberta,St. Albert & District Chamber of Commerce,Chamber events,https://stalbertchamber.com,,Site uses ChamberMaster; event calendar found at with categories like breakfast meetings and business after hours,Saurav,High,,,,,,,,,,,,,,,,,
Alberta,City of St. Albert – Business,Government / business resources,https://stalbert.ca/business,,City site with business resources and links to community event calendars. Site may be inaccessible; search results reference community event and recreation calendars.,Saurav,High,,,,,,,,,,,,,,,,,
Alberta,Alberta Winter Games,Sports event / games,https://www.albertawintergames.ca,,Provincial sport games site promoting the 2026 Alberta Winter Games; includes sport information and resource pages.,Saurav,Medium,,,,,,,,,,,,,,,,,
Alberta,Alberta Winter Games,Sports event / games,https://www.albertawintergames.ca,,Provincial sport games site promoting the 2026 Alberta Winter Games; includes sport information and resource pages.,Saurav,Medium,,,,,,,,,,,,,,,,,
Alberta,Athletics Alberta – Track & Field Calendar,Sports event calendar,https://athleticsalberta.com/calendar/track-field,,Official Athletics Alberta calendar with search and view navigation; lists events such as CALTAF Throws Fest. Publicly accessible without login.,Saurav,Medium,,,,,,,,,,,,,,,,,
,,,,,,,,,,,,,,,,,,,,,,,,
,,,,,,,,,,,,,,,,,,,,,,,,
,,,,,,,,,,,,,,,,,,,,,,,,
British Columbia,Abbotsford Chamber of Commerce,Business Events,https://www.abbotsfordchamber.com/,,"Dedicated Events Calendar lists event details (title, date, registration).
Focused on business community engagement in Abbotsford.",Madhavi,Medium,,,,,,,,,,,,,,,,,
British Columbia,Tourism Abbotsford,Tourism Business,https://tourismabbotsford.ca/,,"Dedicated Events Calendar page.
Provides structured event data (title, date, location, description).
Works as a central hub for Abbotsford tourism and festivals.",Madhavi,Easy,,,,,,,,,,,,,,,,,
British Columbia,Burnaby Board of Trade (BBOT),Business Events,https://www.bbot.ca/,,"Event registrations may link to external services.
Key representative of Burnaby’s business community.",Madhavi,Medium,,,,,,,,,,,,,,,,,
British Columbia,Tourism Burnaby,Tourism Business,https://tourismburnaby.com/,,Strong alignment with Destination Marketing Organizations (DMOs).,Madhavi,Easy,,,,,,,,,,,,,,,,,
British Columbia,Chilliwack Chamber of Commerce,Business Events,https://www.chilliwackchamber.com,,"Uses subdomain for member functions, no public API, some data behind login, potential crawling limits",Madhavi,Moderate to High,,,,,,,,,,,,,,,,,
British Columbia,Tourism Chilliwack,Tourism Businesses,https://tourismchilliwack.com,,"Contains events, attractions, travel info, and partner data",Madhavi,Low to Moderate,,,,,,,,,,,,,,,,,
British Columbia,Visit Coquitlam,Tourism Businesses,https://visitcoquitlam.ca,,"Provides events, attractions, local guides",Madhavi,Low to Moderate,,,,,,,,,,,,,,,,,
British Columbia,Tri-Cities Chamber of Commerce,Business Events,https://tricitieschamber.com,,"Business directory, member login, events",Madhavi,Moderate,,,,,,,,,,,,,,,,,
British Columbia,Delta Chamber of Commerce,Business Events,https://www.deltachamber.ca,,"Member directory, events calendar, resources",Madhavi,Moderate,,,,,,,,,,,,,,,,,
British Columbia,Kamloops Chamber of Commerce,Business Events,https://www.kamloopschamber.ca,,"Member directory, business events calendar",Madhavi,Moderate,,,,,,,,,,,,,,,,,
British Columbia,Tourism Kamloops,Tourism Businesses,https://www.tourismkamloops.com,,"Provides attractions, events, accommodations",Madhavi,Low to Moderate,,,,,,,,,,,,,,,,,
British Columbia,Accelerate Okanagan,Business Events,https://accelerateokanagan.com,,"Startup accelerator with events, programs, resources",Madhavi,Moderate,,,,,,,,,,,,,,,,,
British Columbia,Kelowna Chamber of Commerce,Business Events,https://www.kelownachamber.org,,"Chamber events, business directory",Madhavi,Moderate,,,,,,,,,,,,,,,,,
British Columbia,Tourism Kelowna,Tourism Businesses,https://www.tourismkelowna.com,,"Attractions, events, tourism operators",Madhavi,Low to Moderate,,,,,,,,,,,,,,,,,
British Columbia,Greater Langley Chamber of Commerce,Business Events,https://www.langleychamber.com,,"Chamber resources, business events, directory",Madhavi,Moderate,,,,,,,,,,,,,,,,,
British Columbia,Tourism Langley,Tourism Businesses,https://www.tourism-langley.ca,,"Tourism site with attractions, events",Madhavi,Low to Moderate,,,,,,,,,,,,,,,,,
British Columbia,Ridge Meadows Chamber of Commerce,Business Events,https://www.ridgemeadowschamber.com,,"Chamber events, member directory,",Madhavi,Moderate,,,,,,,,,,,,,,,,,
British Columbia,Nanaimo Chamber of Commerce,Business Events,https://www.nanaimochamber.bc.ca,,"Chamber events, resources",Madhavi,Moderate,,,,,,,,,,,,,,,,,
British Columbia,Tourism Nanaimo,Tourism Businesses,https://www.tourismnanaimo.com,,"Tourism site with attractions, events, and guides",Madhavi,Low to Moderate,,,,,,,,,,,,,,,,,
British Columbia,New Westminster Chamber of Commerce,Business Events,https://www.newwestchamber.com,,GrowthZone events; follow detail pages; member login for directory,Madhavi,Moderate,,,,,,,,,,,,,,,,,
British Columbia,Tourism New Westminster,Tourism Businesses,https://tourismnewwestminster.com,,Event listings crawlable; structured fields available; some link out,Madhavi,Low to Moderate,,,,,,,,,,,,,,,,,
British Columbia,Prince George Chamber of Commerce,Business Events,https://www.pgchamber.bc.ca,,GrowthZone module; detail pages required for full event data,Madhavi,Moderate,,,,,,,,,,,,,,,,,
British Columbia,Tourism Prince George,Tourism Businesses,https://tourismpg.com,,Central events calendar; crawlable; external links present,Madhavi,Low to Moderate,,,,,,,,,,,,,,,,,
British Columbia,Richmond Chamber of Commerce,Business Events,https://www.richmondchamber.ca,,GrowthZone events; structured but some fields require login,Madhavi,Moderate,,,,,,,,,,,,,,,,,
British Columbia,Tourism Richmond,Tourism Businesses,https://www.visitrichmondbc.com,,Crawlable events calendar; detail pages with title/date/venue,Madhavi,Low to Moderate,,,,,,,,,,,,,,,,,
British Columbia,City of Surrey Economic Development,Business Events,https://www.surrey.ca/business-economy,,Events surfaced under city calendar; structured fields on details,Madhavi,Moderate,,,,,,,,,,,,,,,,,
British Columbia,Discover Surrey,Tourism Businesses,https://discoversurreybc.com,,Tourism listings; event pages crawlable; limited structured fields,Madhavi,Low to Moderate,,,,,,,,,,,,,,,,,
British Columbia,Surrey Board of Trade,Business Events,https://businessinsurrey.com,,GrowthZone events module; detail pages required for addresses,Madhavi,Moderate,,,,,,,,,,,,,,,,,
British Columbia,BC Tech Association,Business Events,https://wearebctech.com,,Tech events and programs listed; crawlable; no API,Madhavi,Moderate,,,,,,,,,,,,,,,,,
British Columbia,Destination Vancouver,Tourism Businesses,https://www.destinationvancouver.com,,Centralized events calendar; structured detail pages; crawlable,Madhavi,Low to Moderate,,,,,,,,,,,,,,,,,
British Columbia,Greater Vancouver Board of Trade,Business Events,https://www.boardoftrade.com,,"Large chamber with events, resources, member login,",Madhavi,Moderate,,,,,,,,,,,,,,,,,
British Columbia,Launch Academy,Business Events,https://launchacademy.ca,,Startup incubator with programs and events,Madhavi,Moderate,,,,,,,,,,,,,,,,,
British Columbia,Alacrity Canada,Business Events,https://www.alacritycanada.com,,Startup/innovation hub with events and resources,Madhavi,Moderate,,,,,,,,,,,,,,,,,
British Columbia,Destination Greater Victoria,Tourism Businesses,https://www.tourismvictoria.com,,"City tourism board, events, attractions",Madhavi,Low to Moderate,,,,,,,,,,,,,,,,,
British Columbia,Greater Victoria Chamber of Commerce,Business Events,https://www.victoriachamber.ca,,"Chamber events, member resources, directory",Madhavi,Moderate,,,,,,,,,,,,,,,,,
British Columbia,VIATEC,Business Events,https://www.viatec.ca,,"Tech industry association with events, programs",Madhavi,Moderate,,,,,,,,,,,,,,,,,
British Columbia,Destination British Columbia (HelloBC),Tourism Businesses,https://www.hellobc.com,,"Provincial DMO site with attractions, events, tourism operators,",Madhavi,Low to Moderate,,,,,,,,,,,,,,,,,
,,,,,,,,,,,,,,,,,,,,,,,,
Manitoba,Brandon Chamber of Commerce,Business Events,https://brandonchamber.ca,,GrowthZone events module; follow detail pages for addresses; login required for some features,Madhavi,Moderate,,,,,,,,,,,,,,,,,
Manitoba,Brandon Economic Development,Business Events,https://economicdevelopmentbrandon.com,,Event calendar under economic development; details structured; crawlable,Madhavi,Moderate,,,,,,,,,,,,,,,,,
Manitoba,Tourism Brandon,Tourism Businesses,https://tourismbrandon.com,,Event listings crawlable; some link externally to organizers,Madhavi,Low to Moderate,,,,,,,,,,,,,,,,,
Manitoba,Economic Development Winnipeg,Business Events,https://www.economicdevelopmentwinnipeg.com,,Event calendar with structured data; some events link out,Madhavi,Moderate,,,,,,,,,,,,,,,,,
Manitoba,North Forge,Business Events,https://northforge.ca,,Startup incubator; event calendar crawlable; login needed for member resources,Madhavi,Moderate,,,,,,,,,,,,,,,,,
Manitoba,Startup TNT,Business Events,https://www.startuptnt.com,,Startup pitch event listings; crawlable; detail pages expose full info,Madhavi,Low to Moderate,,,,,,,,,,,,,,,,,
Manitoba,Tourism Winnipeg,Tourism Businesses,https://www.tourismwinnipeg.com,,Centralized events calendar; crawlable; detail pages structured,Madhavi,Low to Moderate,,,,,,,,,,,,,,,,,
Manitoba,Winnipeg Chamber of Commerce,Business Events,https://www.winnipeg-chamber.com,,GrowthZone events; structured but login needed for some content,Madhavi,Moderate,,,,,,,,,,,,,,,,,
Manitoba,Winnipeg Sports Calendar,Sporting Events,https://www.tourismwinnipeg.com/events,,Sports events crawlable; detail pages structured; some link externally,Madhavi,Low to Moderate,,,,,,,,,,,,,,,,,
Manitoba,World Trade Centre Winnipeg,Business Events,https://www.wtcwinnipeg.com,,Business events calendar crawlable; structured fields in detail pages,Madhavi,Moderate,,,,,,,,,,,,,,,,,
Manitoba,Travel Manitoba,Tourism Businesses,https://www.travelmanitoba.com,,Provincial DMO; centralized event and attraction data; crawlable,Madhavi,Low to Moderate,,,,,,,,,,,,,,,,,
Manitoba,Travel Manitoba - Festivals & Events,Festivals,https://www.travelmanitoba.com/events/,,Dedicated festival/events directory; event detail pages structured,Madhavi,Low to Moderate,,,,,,,,,,,,,,,,,
,,,,,,,,,,,,,,,,,,,,,,,,
New Brunswick,Fredericton Chamber of Commerce,Business Events,https://www.frederictonchamber.ca,,GrowthZone events; detail pages structured; login required for some sections,Madhavi,Moderate,,,,,,,,,,,,,,,,,
New Brunswick,Ignite Fredericton,Business Events,https://www.ignitefredericton.com,,Economic development office; events calendar crawlable; some external links,Madhavi,Moderate,,,,,,,,,,,,,,,,,
New Brunswick,Planet Hatch,Business Events,https://planethatch.com,,Startup incubator; event listings structured; crawlable,Madhavi,Low to Moderate,,,,,,,,,,,,,,,,,
New Brunswick,Tourism Fredericton,Tourism Businesses,https://www.tourismfredericton.ca,,Centralized events; detail pages structured; some link externally,Madhavi,Low to Moderate,,,,,,,,,,,,,,,,,
New Brunswick,3+ Corporation,Business Events,https://3plus.ca,,Economic development org; event calendar crawlable; structured fields limited,Madhavi,Moderate,,,,,,,,,,,,,,,,,
New Brunswick,Greater Moncton Chamber of Commerce,Business Events,https://ccgm.ca,,GrowthZone-based events; detail pages provide structured info,Madhavi,Moderate,,,,,,,,,,,,,,,,,
New Brunswick,Tourism Moncton,Tourism Businesses,https://tourismmoncton.ca,,Tourism board; event listings crawlable; external links common,Madhavi,Low to Moderate,,,,,,,,,,,,,,,,,
New Brunswick,Venn Innovation,Business Events,https://www.venninnovation.com,,Tech hub; events and programs crawlable; no API,Madhavi,Moderate,,,,,,,,,,,,,,,,,
New Brunswick,Discover Saint John,Tourism Businesses,https://www.discoversaintjohn.com,,Central events calendar; detail pages structured; crawlable,Madhavi,Low to Moderate,,,,,,,,,,,,,,,,,
New Brunswick,Economic Development Greater Saint John,Business Events,https://edgsj.com,,Economic development org; events crawlable; some data link out,Madhavi,Moderate,,,,,,,,,,,,,,,,,
New Brunswick,Saint John Region Chamber of Commerce,Business Events,https://thechambersj.com,,GrowthZone events; login required for member features,Madhavi,Moderate,,,,,,,,,,,,,,,,,
New Brunswick,Discover NB Festivals & Events,Festivals,https://tourismnewbrunswick.ca/festivals-events,festival,Dedicated festival/events directory; detail pages structured,Madhavi,Low to Moderate,,,,,,,,,,,,,,,,,
New Brunswick,Tourism New Brunswick,Tourism Businesses,https://www.tourismnewbrunswick.ca,,Provincial DMO; centralized listings; crawlable,Madhavi,Low to Moderate,,,,,,,,,,,,,,,,,
,,,,,,,,,,,,,,,,,,,,,,,,
Newfoundland and Labrador,Destination St. John’s,Tourism Businesses,https://www.destinationstjohns.com,,Centralized events and attractions; crawlable; detail pages structured,Madhavi,Low to Moderate,,,,,,,,,,,,,,,,,
Newfoundland and Labrador,Genesis Centre (Memorial Univ.),Business Events,https://www.genesiscentre.ca,,Startup accelerator; events/programs crawlable; no API,Madhavi,Moderate,,,,,,,,,,,,,,,,,
Newfoundland and Labrador,St. John’s Board of Trade,Business Events,https://www.bot.nf.ca,,GrowthZone-based; events behind login for members; structured detail pages,Madhavi,Moderate,,,,,,,,,,,,,,,,,
Newfoundland and Labrador,TechNL,Business Events,https://www.technl.ca,,Tech association; events calendar crawlable; detail pages structured,Madhavi,Moderate,,,,,,,,,,,,,,,,,
Newfoundland and Labrador,NL Tourism – Events Calendar,Festivals,https://www.newfoundlandlabrador.com/plan-and-book/festivals-and-events,,Dedicated festival/events directory; event detail pages structured,Madhavi,Low to Moderate,,,,,,,,,,,,,,,,,
Newfoundland and Labrador,Newfoundland & Labrador Tourism,Tourism Businesses,https://www.newfoundlandlabrador.com,,Provincial DMO; centralized listings; crawlable,Madhavi,Low to Moderate,,,,,,,,,,,,,,,,,
,,,,,,,,,,,,,,,,,,,,,,,,
Nova Scotia,Cape Breton Regional Chamber of Commerce,Business Events,https://www.cbregionalchamber.ca,,GrowthZone events; detail pages structured; login required for members,Madhavi,Moderate,,,,,,,,,,,,,,,,,
Nova Scotia,Destination Cape Breton,Tourism Businesses,https://www.cbisland.com,,Centralized regional tourism site; events and attractions crawlable,Madhavi,Low to Moderate,,,,,,,,,,,,,,,,,
Nova Scotia,Digital Nova Scotia,Business Events,https://digitalnovascotia.com,,Tech industry association; event listings structured; crawlable,Madhavi,Moderate,,,,,,,,,,,,,,,,,
Nova Scotia,Discover Halifax,Tourism Businesses,https://discoverhalifaxns.com,,City tourism board; centralized events; crawlable detail pages,Madhavi,Low to Moderate,,,,,,,,,,,,,,,,,
Nova Scotia,Halifax Chamber of Commerce,Business Events,https://www.halifaxchamber.com,,GrowthZone events calendar; structured but login needed for members,Madhavi,Moderate,,,,,,,,,,,,,,,,,
Nova Scotia,Halifax Partnership,Business Events,https://halifaxpartnership.com,,Economic development office; events crawlable; detail pages available,Madhavi,Moderate,,,,,,,,,,,,,,,,,
Nova Scotia,Volta,Business Events,https://voltaeffect.com,,Startup hub; events/programs crawlable; no public API,Madhavi,Moderate,,,,,,,,,,,,,,,,,
Nova Scotia,Tourism Nova Scotia,Tourism Businesses,https://www.novascotia.com,,Provincial DMO; attractions and events crawlable,Madhavi,Low to Moderate,,,,,,,,,,,,,,,,,
,,,,,,,,,,,,,,,,,,,,,,,,
Ontario,Ajax-Pickering Board of Trade,Events,https://apboardoftrade.com/eventcalendar,,"Listing shows Results: 77 with date filters; each item links to a public detail page including title, start/end datetime, description, venue/address, category, contact, and share links",Emmanuel,Hard,,,,,,,,,,,,,,,,,
Ontario,Durham Region Economic Development,Events,https://investdurham.ca      https://calendar.durham.ca/,,Use Region calendar; filter to Invest Durham Events,Emmanuel,Easy,,,,,,,,,,,,,,,,,
Ontario,Durham Toursim,Toursim Events,https://www.durhamtourism.ca   https://calendar.durham.ca/tourismevents?,,Durham Tourism also links an events landing page on durhamtourism.ca that points users to the region calendar. Use /tourismevents list and follow Detail pages like https://calendar.durham.ca/tourismevents/Detail/2019-04-05-1830-PJ-Masks-Live?,Emmanuel,Medium,,,,,,,,,,,,,,,,,
Ontario,Barrie Chamber of Commerce,Chamber /Business Events,https://business.barriechamber.com/events/,,"Uses Growth zone, legal review is needed  Proceed Politely ",Emmanuel,Easy,,,,,,,,,,,,,,,,,
Ontario,City of Barrie,Events,https://www.barrie.ca/events/calendar,,Use /events/calendar without query params when possible; follow “Community Events” detail pages under /community-recreation-environment/community-events/<slug> for structured fields.,Emmanuel,Medium,,,,,,,,,,,,,,,,,
Ontario,Tourism Barrie,Events Festival,https://www.tourismbarrie.com/festivals-events,festival,Some events link out to external organizers,Emmanuel,Easy,,,,,,,,,,,,,,,,,
Ontario,Bay of Quinte Region (DMO),Toursim Events,https://bayofquinte.ca/events/,,--,Emmanuel,Easy,,,,,,,,,,,,,,,,,
Ontario,Belleville Chamber of Commerce,Business Events,https://business.bellevillechamber.ca/events,,uses Id for subdomain,Emmanuel,Medium,,,,,,,,,,,,,,,,,
Ontario,City of Belleville,Toursim Events,https://discoverbelleville.ca/events/,,--,Emmanuel,Medium,,,,,,,,,,,,,,,,,
Ontario,Brampton Board of Trade,"Business ",https://bramptonbot.com/upcoming-events/,,No useful data needed from it,Emmanuel,Easy,,,,,,,,,,,,,,,,,
Ontario,Brampton Entrepreneur Centre (BEC),Business,https://bec.brampton.ca/events,,Also surfaced under InvestBrampton (same events) uses JS,Emmanuel,Medium,,,,,,,,,,,,,,,,,
Ontario,Experience Brampton,Toursim Events,https://experiencebrampton.com/,,"Festivals & Events page also exists, but ExperienceBrampton is the centralized, scrape-friendly source",Emmanuel,Easy,,,,,,,,,,,,,,,,,
Ontario,Burlington Chamber of Commerce,Chamber /Business Events,https://www.burlingtonchamber.com/events-calendar/,,Everything is crawlable,Emmanuel,Easy,,,,,,,,,,,,,,,,,
Ontario,Burlington Economic Development & Tourism (BEDC),Business,https://bedc.ca/,,--,Emmanuel,N/A,,,,,,,,,,,,,,,,,
Ontario,Tourism Burlington,Tourism / Events,https://tourismburlington.ca/events/,,"Event list & detail pages expose title, datetime, venue/address",Emmanuel,Easy,,,,,,,,,,,,,,,,,
Ontario,Guelph Chamber of Commerce,Chamber /Business Events,https://www.guelphchamber.com/events,,--,Emmanuel,Easy,,,,,,,,,,,,,,,,,
Ontario,City of Guelph – Business,Business,https://guelph.ca/business/economic-development-office/business-related-event-calendars/,,does not host event listings with required fields.,Emmanuel,N/A,,,,,,,,,,,,,,,,,
Ontario,Visit Guelph Wellington (Gather in Guelph),Tourism / Events,https://visitguelphwellington.ca/events/,,--,Emmanuel,Easy,,,,,,,,,,,,,,,,,
Ontario,Hamilton Chamber of Commerce,Chamber /Business Events,https://www.hamiltonchamber.ca/events-home/,,Upcoming events contain data including address,Emmanuel,Easy,,,,,,,,,,,,,,,,,
Ontario,"Invest in Hamilton ",Economic Event,https://investinhamilton.ca,,"Under Events Calendar, details page include full address",Emmanuel,Easy,,,,,,,,,,,,,,,,,
Ontario,Innocation Factory,Innovation Event,https://innovationfactory.ca,,some events link out to Eventbrite,Emmanuel,Easy,,,,,,,,,,,,,,,,,
Ontario,Tourism Hamilton,Tourism / Events,https://tourismhamilton.com,,--,Emmanuel,Medium,,,,,,,,,,,,,,,,,
Ontario,Greater Kingston Chamber of Commerce,Chamber /Business Events,https://business.kingstonchamber.ca/chamber-events-calendar,,--,Emmanuel,Medium,,,,,,,,,,,,,,,,,
Ontario,Kingston Economic Development Corporation,Economic Event,https://www.investkingston.ca/events/,,--,Emmanuel,Easy,,,,,,,,,,,,,,,,,
Ontario,Communitech,Tech Event,https://www.communitech.ca/community/events/,,Need to index to details to get full details. most public events shows same address,Emmanuel,Easy,,,,,,,,,,,,,,,,,
Ontario,Explore Waterloo Region,Toursim Events,https://explorewaterloo.ca/events/,,--,Emmanuel,Easy,,,,,,,,,,,,,,,,,
Ontario,Greater KW Chamber of Commerce,Chamber /Business Events,https://greaterkwchamber.com/networking-events/events-calendar/,,Need to index to details to get full details.,Emmanuel,Medium,,,,,,,,,,,,,,,,,
Ontario,Waterloo EDC,Economic Event,https://www.waterlooedc.ca/,,--,Emmanuel,N/A,,,,,,,,,,,,,,,,,
Ontario,London Chamber of Commerce,Chamber /Business Events,https://business.londonchamber.com/events/calendar,,Need to index to details to get full details.,Emmanuel,Easy,,,,,,,,,,,,,,,,,
Ontario,London Economic Development Corporation (LEDC),Economic Event,https://www.ledc.com/events,,--,Emmanuel,Easy,,,,,,,,,,,,,,,,,
Ontario,TechAlliance of Southwestern Ontario,Tech Event,https://www.techalliance.ca,,--,Emmanuel,N/A,,,,,,,,,,,,,,,,,
Ontario,Tourism London,Tourism,https://www.londontourism.ca/events,,"Event detail pages expose title, date/time and full address incl. postal",Emmanuel,Easy,,,,,,,,,,,,,,,,,
Ontario,Markham Economic Development (City of Markham),Economic Event,https://www.business.markham.ca,,site can't be reached,Emmanuel,N/A,,,,,,,,,,,,,,,,,
Ontario,Markham Board of Trade,Chamber /Business Events,https://member.markhamboard.com/eventcalendar,,--,Emmanuel,Easy,,,,,,,,,,,,,,,,,
Ontario,Milton Chamber of Commerce,Chamber /Business Events,https://business.miltonchamber.ca/events/,,Does not have much data,Emmanuel,Easy,,,,,,,,,,,,,,,,,
Ontario,Town of Milton – Business & Development,Business,https://www.milton.ca/en/business-and-development.aspx,,--,Emmanuel,N/A,,,,,,,,,,,,,,,,,
Ontario,Mississauga Board of Trade (MBOT),Chamber /Business Events,https://www.mbot.com,,Does not have much data,Emmanuel,Easy,,,,,,,,,,,,,,,,,
Ontario,Mississauga Business Enterprise Centre (MBEC),Business,routes to https://www.thefutureisunlimited.ca/,,--,Emmanuel,N/A,,,,,,,,,,,,,,,,,
Ontario,RIC Centre (Mississauga/Peel),Innovation Event,routes to https://altitudeaccelerator.ca/,,Startup events and webinars likely; many may be virtual or off-site.,Emmanuel,Easy,,,,,,,,,,,,,,,,,
Ontario,Visit Mississauga,Toursim Events,https://www.visitmississauga.ca/events/,,Site exposes events,Emmanuel,Easy,,,,,,,,,,,,,,,,,
Ontario,Newmarket Chamber of Commerce,Chamber /Business Events,https://centralyorkchamber.com/events/,,address on detail pages,Emmanuel,Easy,,,,,,,,,,,,,,,,,
Ontario,Town of Newmarket – Business,Business,https://www.newmarket.ca/business,,--,Emmanuel,N/A,,,,,,,,,,,,,,,,,
Ontario,City of Niagara Falls – Business,Business,https://niagarafalls.ca/business,,--,Emmanuel,N/A,,,,,,,,,,,,,,,,,
Ontario,Niagara Falls Tourism,Toursim Events,https://www.niagarafallstourism.com/events/,,events section normally includes full venue addresses,Emmanuel,Easy,,,,,,,,,,,,,,,,,
Ontario,Invest in North Bay,Economic Event,https://investinnorthbay.ca,,--,Emmanuel,N/A,,,,,,,,,,,,,,,,,
Ontario,North Bay & District Chamber of Commerce,Chamber /Business Events,https://nbdcc.ca/events/,,"Seems like events present is based on member, doesnt relate to our project",Emmanuel,Easy,,,,,,,,,,,,,,,,,
Ontario,Tourism North Bay,Toursim,https://www.tourismnorthbay.com/events/,,"events with title, date/time, venue + full address suitable FOR OUR SCHEMA",Emmanuel,Easy,,,,,,,,,,,,,,,,,
Ontario,Oakville Chamber of Commerce,Chamber /Business Events,https://oakvillechamber.com,,Index detail page for event image,Emmanuel,Easy,,,,,,,,,,,,,,,,,
Ontario,Town of Oakville - Business,Business,https://www.oakville.ca/business.html,,-- just a business landing page,Emmanuel,N/A,,,,,,,,,,,,,,,,,
Ontario,Visit Oakville,Toursim Events,https://visitoakville.com/events/,,--,Emmanuel,Hard,,,,,,,,,,,,,,,,,
Ontario,Durham Tourism,Toursim Events,https://calendar.durham.ca/tourismevents,,"First page has event picture, details page contain needed data scraping is limited and has a crawl-delay 15s",Emmanuel,Medium,,,,,,,,,,,,,,,,,
Ontario,Greater Oshawa Chamber of Commerce,Chamber /Business Events,https://members.oshawachamber.com/events,,Index details page contains full address,Emmanuel,Easy,,,,,,,,,,,,,,,,,
Ontario,"City of Oshawa ",Business,https://www.oshawa.ca/business-and-investment.asp,,Business landing page,Emmanuel,N/A,,,,,,,,,,,,,,,,,
Ontario,"City of Ottawa - Business ",Business,https://ottawa.ca/en/business,,Business portal,Emmanuel,N/A,,,,,,,,,,,,,,,,,
Ontario,Invest Ottawa,Economic Event,https://www.investottawa.ca/events/,,Need to access index details for full event details,Emmanuel,Easy,,,,,,,,,,,,,,,,,
Ontario,Ottawa Board of Trade,Chamber /Business Events,business.ottawabot.ca/events,,Need to access index details for full event ADDRESS,Emmanuel,Easy,,,,,,,,,,,,,,,,,
Ontario,Ottawa Tourism,Tourism / Events,ottawatourism.ca/en/event-calendar,,"initial events rendered in HTML; filtering..Load more likely fetches data behind the scenes, but the first render is HTML",Emmanuel,Easy,,,,,,,,,,,,,,,,,
Ontario,Women’s Business Network (WBN),Business,womensbusinessnetwork.ca/events,,Most events are offsite/virtual,Emmanuel,Medium,,,,,,,,,,,,,,,,,
Ontario,City of Richmond Hill — Invest & Do Business,Business,https://www.richmondhill.ca/en/index.aspx,,unrelated and no image,Emmanuel,N/A,,,,,,,,,,,,,,,,,
Ontario,Richmond Hill Board of Trade (RHBoT),Chamber /Business Events,https://www.rhbot.ca/events,,--,Emmanuel,Easy,,,,,,,,,,,,,,,,,
Ontario,Greater Niagara Chamber of Commerce (GNCC),Chamber /Business Events,gncc.ca/events/calendar/,,Detail pages usually carry venue/address.,Emmanuel,Easy,,,,,,,,,,,,,,,,,
Ontario,Niagara Economic Development,Economic Event,https://niagaracanada.com/,,"New site, no related data",Emmanuel,N/A,,,,,,,,,,,,,,,,,
Ontario,Invest in St. Catharines,Economic Event,https://www.investinstc.ca/site/training-and-seminars,,---,Emmanuel,Medium,,,,,,,,,,,,,,,,,
Ontario,Tourism Sudbury,Tourism/ Event,https://discoversudbury.ca/events/,,"Wow, very good. well detailed",Emmanuel,Easy,,,,,,,,,,,,,,,,,
Ontario,Greater Sudbury Chamber of Commerce,Chamber of Commerce,https://sudburychamber.ca/events,,"listings are not in html, details page are indexed",Emmanuel,Easy,,,,,,,,,,,,,,,,,
Ontario,Regional Business Centre (Sudbury),Bussiness Events,https://regionalbusiness.ca/seminars-events/,,"Most.y online event, some are private and can't get details",Emmanuel,Easy,,,,,,,,,,,,,,,,,
Ontario,,,,,,Emmanuel,,,,,,,,,,,,,,,,,,
Ontario,City of Toronto Economic Development,Economic Dev Office,https://www.toronto.ca/business-economy/,,Listing populate via API,Emmanuel,Easy,,,,,,,,,,,,,,,,,
Ontario,DMZ (Toronto Metropolitan University),Incubator/Accelerator,"https://dmz.torontomu.ca, crawl using the xml:  https://dmz.torontomu.ca/sitemap.xml",,offloads to eventbrite,Emmanuel,Easy,,,,,,,,,,,,,,,,,
Ontario,Destination Toronto,City Tourism Board,https://www.destinationtoronto.com,,"no public json exposed, probale all server-side event rendering",Emmanuel,Easy,,,,,,,,,,,,,,,,,
Ontario,MaRS Discovery District,Incubator/Accelerator,https://www.marsdd.com,,-,Emmanuel,N/A,,,,,,,,,,,,,,,,,
Ontario,TABIA (Toronto Association of BIAs),BIA Umbrella,https://www.toronto-bia.com,,-,Emmanuel,N/A,,,,,,,,,,,,,,,,,
Ontario,Toronto Region Board of Trade,Chamber of Commerce,https://bot.com/Events,,"Events” hub typically exposes title, date/time and the in-person venue address on the detail page",Emmanuel,Easy,,,,,,,,,,,,,,,,,
Ontario,Vaughan Chamber of Commerce,Chamber of Commerce,https://vaughanchamber.ca,,Appears to use GrowthZone. Headless browser may be required.,Dhruv,Moderate,,,,,,,,,,,,,,,,,
Ontario,Vaughan Economic Development,Economic Dev Office,https://vaughanbusiness.ca,,Dynamic site. Likely JavaScript-driven.,Dhruv,Moderate,,,,,,,,,,,,,,,,,
Ontario,City of Welland Economic Development,Economic Dev Office,https://www.madeinwelland.ca,,Dynamic site. Likely JavaScript-driven.,Dhruv,Moderate,,,,,,,,,,,,,,,,,
Ontario,Welland/Pelham Chamber of Commerce,Chamber of Commerce,https://wellandpelhamchamber.com,,Dynamic site. Likely JavaScript-driven.,Dhruv,Moderate,,,,,,,,,,,,,,,,,
Ontario,Whitby Chamber of Commerce,Chamber of Commerce,https://www.whitbychamber.org,,Appears to use GrowthZone. Headless browser may be required.,Dhruv,Moderate,,,,,,,,,,,,,,,,,
Ontario,Invest WindsorEssex,Economic Dev Office,https://www.investwindsoressex.com,,Dynamic site. Likely JavaScript-driven.,Dhruv,Moderate,,,,,,,,,,,,,,,,,
Ontario,Tourism Windsor Essex Pelee Island,City/Regional Tourism,https://www.visitwindsoressex.com,,Dynamic site. Likely JavaScript-driven.,Dhruv,Moderate,,,,,,,,,,,,,,,,,
Ontario,WEtech Alliance,Startup/Tech Network,https://www.wetech-alliance.com,,Dynamic site. Likely JavaScript-driven.,Dhruv,Moderate,,,,,,,,,,,,,,,,,
Ontario,Windsor-Essex Regional Chamber of Commerce,Chamber of Commerce,https://www.windsoressexchamber.org,,Dynamic site. Likely JavaScript-driven.,Dhruv,Moderate,,,,,,,,,,,,,,,,,
,,,,,,,,,,,,,,,,,,,,,,,,
,,,,,,,,,,,,,,,,,,,,,,,,
Prince Edward Island,Discover Charlottetown,City Tourism Board,https://www.discovercharlottetown.com,,Provides a comprehensive events calendar; no public API detected,Dhruv,Moderate,,,,,,,,,,,,,,,,,
Prince Edward Island,Greater Charlottetown Area Chamber of Commerce,Chamber of Commerce,https://www.charlottetownchamber.com,,Provides information on community programs and initiatives; no public API detected,Dhruv,Moderate,,,,,,,,,,,,,,,,,
Prince Edward Island,Innovation PEI,Economic Dev Office,https://www.innovationpei.com,,-,Dhruv,Moderate,,,,,,,,,,,,,,,,,
Prince Edward Island,Explore PEI Events Calendar,Festival & Community Events,https://www.tourismpei.com/search/Results?type=Events,,Provides a comprehensive events calendar; no public API detected,Dhruv,Moderate,,,,,,,,,,,,,,,,,
Prince Edward Island,Tourism PEI,Provincial DMO,https://www.tourismpei.com,,Provides a comprehensive events calendar; no public API detected,Dhruv,Moderate,,,,,,,,,,,,,,,,,
,,,,,,,,,,,,,,,,,,,,,,,,
Quebec,Chamber of Commerce,Events,https://www.ccid.qc.ca,,"Events exist, but robots.txt restricts crawling of action/query URLs. ","Kritan ",Hard,,,,,,,,,,,,,,,,,
Quebec,Regional Tourism,Festivals/ Sport,https://tourismecentreduquebec.com,,Festivals/events data are exists but robots.txt restricts crawling of the action/ulrs,"Kritan ",hard,,,,,,,,,,,,,,,,,
Quebec,Regional Tourism,Events,https://www.tourismeoutaouais.com,,"Events exists,but robots.text restricts crawling ","Kritan ",Medium,,,,,,,,,,,,,,,,,
Quebec,Chamber of Commerce,Events,https://www.ccilaval.qc.ca,,"Events exits but robots.text does not work for this webiste ","Kritan ",Hard,,,,,,,,,,,,,,,,,
Quebec,Startup/Innovation,,https://lavalinnov.ca,,"This website doees not open ","kritan ",,,,,,,,,,,,,,,,,,
Quebec,City Tourism Board,Fetivals/Sports/events,https://www.tourismelaval.com/en/explore-offer/events?_event_type=festivals-et-fetes,,"This website has the revelent data but its exist robots.txt ","Kritan ",hard,,,,,,,,,,,,,,,,,
Quebec,City Tourism Board,Fetivals/Sports/events,https://www.tourismelaval.com/en/explore-offer/events?_event_type=sport-et-plein-air,,,,,,,,,,,,,,,,,,,,,
Quebec,Chamber of Commerce,"Events ",https://ccirs.qc.ca/,,did not show anythings about robots.txt,"kritan ",hard,,,,,,,,,,,,,,,,,
Quebec,Economic Dev Office,"Events ",https://delagglo.ca,,Events exits but robots.txt shows whcih do not fetch any URL,"kritan ",Hard,,,,,,,,,,,,,,,,,
Quebec,,,https://www.tourismegranby.com,,,"kritan ",,,,,,,,,,,,,,,,,,
Quebec,Portail CCILaval,Business events calendar (Chamber of Commerce),https://www.ccilaval.qc.ca,,"Calendar lists business events (e.g., Parenthèse d’affaires, Déjeuner B2B)
portailccilaval.com
. Site uses dynamic content but events are visible without login; based in Laval, Quebec","Kritan ",Medium,,,,,,,,,,,,,,,,,
Quebec,Portail CCILaval,Business events calendar (Chamber of Commerce),https://portailccilaval.com,,"Calendar lists business events (e.g., Parenthèse d’affaires, Déjeuner B2B). Site uses dynamic content but events are visible without login.","Kritan ",Medium,,,,,,,,,,,,,,,,,
Quebec,Laval Innov,Innovation support organization,https://lavalinnov.com,,Provides services and events to support innovation in Laval; events list with date and location are publicly accessible. Mission statement highlights supporting innovation in the Laval ecosystem.,"Kritan ",Medium,,,,,,,,,,,,,,,,,
Quebec,Tourisme Laval,Tourism and events information,https://www.tourismelaval.com,,"Tourism portal for Laval with attractions, restaurants, accommodations and event listings. Contact information available at 480 promenade du Centropolis, Laval H7T 3C2 with phone numbers.","Kritan ",Medium,,,,,,,,,,,,,,,,,
Quebec,CCIRS (Chambre de commerce et d’industrie de la Rive-Sud),Chamber of commerce (business events),https://ccirs.qc.ca,,"Business chamber for the South Shore; contact page lists address 6000 Boul. de Rome, Suite 410, Brossard (QC) J4Y 0B6. Event calendar includes events with dates and locations and provides an iCal feed.","Kritan ",Medium,,,,,,,,,,,,,,,,,
Quebec,DEL (Développement économique de l'agglomération de Longueuil),Economic development agency (business support),https://delagglo.ca,," The events page presents business events like “Femmes entrepreneures : Commercialisez autrement !”, “Sécurisez vos marchés internationaux : contrats solides”, “Café RH : Intégrer la responsabilité sociale” and others. Robots file allows all crawlers.","Kritan ",Medium,,,,,,,,,,,,,,,,,
Quebec,Tourisme Montérégie,Regional tourism board (tourism & events),https://www.tourisme-monteregie.qc.ca,,"The “Nous joindre” page states that Tourisme Montérégie has moved to a new administrative office at 2340 Boulevard Lapinière, local 200, Brossard, Québec J4Z 2K7, and provides phoneand email info@monteregie.ca. The robots.txt file allows crawling except for admin areas.","Kritan ",Medium,,,,,,,,,,,,,,,,,
Quebec,CCMM (Chambre de commerce du Montréal métropolitain),Chamber of commerce / business networking,https://www.ccmm.ca,,"Due to certificate issues the main website couldn't be accessed directly, but third‑party sources confirm the Chamber's information: a MapQuest listing reports the Chamber's address as 380 Rue St‑Antoine Ouest, Montréal, Québec H2Y 3X7 with phone +1 (514) 270‑3300. It notes that CCMM supports more than 8,000 members and provides export assistance, networking events, training programs and other services to foster economic prosperity. These activities imply that the site hosts event data, but robots.txt and API availability could not be verified.","Kritan ",High,,,,,,,,,,,,,,,,,
Quebec,District 3 Innovation Center,Startup incubator / innovation hub,https://www.d3center.ca,,"The District 3 Innovation Center (also known as District 3 or D3) website was unreachable, but open‑data sources provide key details. Mapcarta identifies the District 3 Innovation Center as a hackspace located at 1250 Rue Guy, Montréal, Québec H3H 2L3. District 3 operates within Concordia University and is known to offer startup incubation programs, workshops and networking events; thus the site likely hosts target event data even though it wasn't accessible in this environment.","Kritan ",High,,,,,,,,,,,,,,,,,
Quebec,Notman House (Notman.org),Startup hub and coworking/events space,https://notman.org,,"The Notman House website was unreachable in our environment, so we used a MapQuest business listing. It shows the address 51 Rue Sherbrooke Ouest, Montréal, QC H2X 1X2 and phone +1 (514) 657‑2833 and describes Notman House as a hub for web entrepreneurs offering coworking, meeting rooms and event spaces. As the site could not be accessed, robots.txt and API status are unknown, but the presence of event spaces implies there is target data.","Kritan ",High,,,,,,,,,,,,,,,,,
Quebec,PME MTL,Entrepreneur support network (services & events),https://pmemtl.com,,"PME MTL is a Montréal-based network supporting entrepreneurs. The Ouest‑de‑l’Île (West Island) contact page lists the office at 1675 autoroute Transcanadienne, Bureau 301, Dorval, QC H9P 1J1 and phone 514 426‑2888. Its events page promotes upcoming workshops, training sessions and networking opportunities designed to support entrepreneurs. The robots.txt allows crawling except for admin resources. Although a wp‑json page exists, it is a template rather than a usable API, so no public API is available.","Kritan ",Medium,,,,,,,,,,,,,,,,,
Quebec,Startupfest (International Startup Festival),Startup and technology festival,https://startupfest.com,,"Startupfest is Canada’s original startup conference held in Montréal. The contact page contains a submission form but no physical address; however, the event location is Montreal (July 8‑10, 2026). The mission page explains that Startupfest inspires, educates, connects and provides resources to entrepreneurs with a one‑of‑a‑kind festival atmosphere. There is no robots.txt file (404), so crawling is effectively allowed, and the wp‑json endpoint returns 404 (no API). Event programs and schedules are publicly visible without login.","Kritan ",Medium,,,,,,,,,,,,,,,,,
Quebec,Tourisme Montréal (mtl.org),Tourism information & events portal,https://www.mtl.org,,"Tourisme Montréal provides travel and event information about Montréal. The contact page lists the phone numbers 514 844‑5400 (Montréal area) and toll‑free 1 800 230‑0001, and provides the mailing address 800 René‑Lévesque Blvd. West, Suite 2450, Montréal, ; it also notes the tourist information office at 174 Notre‑Dame Street East. The festivals and events page explains that festivals are a cornerstone of life in Montréal, with events ranging from jazz and comedy to gastronomy and outdoor sports. Robots.txt allows crawling except for certain search and admin paths. There is no public API.","Kritan ",Medium,,,,,,,,,,,,,,,,,
,,,,,,,,,,,,,,,,,,,,,,,,
,,,,,,,,,,,,,,,,,,,,,,,,
Quebec,Chamber of Commerce and Industry of Quebec (CCIQ),Chamber of Commerce,https://www.cciquebec.ca,,-,Dhruv,Moderate,,,,,,,,,,,,,,,,,
Quebec,Destination Quebec cite,City Tourism Board,https://www.quebec-cite.com/en,,"-The site has a menu for Events (under “What to do” / directly “Events”) meaning there is a section listing events.
quebec-cite.com

-There are many “Things to Do”, “Attractions”, “Where to Stay”, etc. so lots of tourism-related content.
-The site is well structured, likely stable HTML; likely good CSS selectors.
-Much content is text + images.
-Multi-language (English / French / Spanish).
-Likely has filters / categories under Events (or may in sub-pages).",Dhruv,Moderate,,,,,,,,,,,,,,,,,
Quebec,LE CAMP,Incubator/Accelerator,https://lecampquebec.com,,"• LE CAMP Québec is a technology accelerator (startup / innovation support) rather than an events-/tourism-focused site.
• Their site includes “Programmes”, “Mentoring”, “Entrepreneurship”, etc.
• I did not find obvious event listings in the homepage. That doesn’t mean there are none, but event data may not be a major focus.
• The content is more about programs, services, support for entrepreneurs rather than “festivals / events / tourism experiences.”",Dhruv,Moderate,,,,,,,,,,,,,,,,,
Quebec,Quebec International,Economic Dev Office,https://www.quebecinternational.ca,,"• The site’s content is mostly about business, investment, economic development, support services. So the events are business-oriented rather than cultural / tourism / festival events.
• The site is well structured, which suggests that the HTML parsing would work cleanly.
• Probably lower volume of entertainment / festival events, more professional / business events.",Dhruv,Moderate,,,,,,,,,,,,,,,,,
Quebec,Chambre de commerce (CCISF),Chamber of Commerce,https://www.ccisaguenay.ca,,"- Site can't be reached. ",Dhruv,-,,,,,,,,,,,,,,,,,
Quebec,Tourisme Saguenay-Lac-St-Jean,Regional Tourism,https://saguenaylacsaintjean.ca,,"• The site has categories like Nature Adventures, Aquatic Experiences, Culture & Living History, Vibrant Cities & Festivities, etc. These are useful operator/event/tourism categories.
• There is a “Voir tout” (View all) on the “Les incontournables” section, meaning many items you can crawl.
• Blogging / “Blogue” content is present, possibly with articles about seasonal experiences, etc.
• The site has “Quoi faire” (What to do) → suggests many attractions, festivals, or events may be listed.
• The structure looks well organized (static links, menu categories) which helps with scraping.",Dhruv,Moderate,,,,,,,,,,,,,,,,,
Quebec,Chambre de commerce et de l'industrie du Haut-Richelieu (CCIHR),Chamber of Commerce,https://www.ccihr.ca,,Simple static site. Appears crawlable. Lacks robots.txt . Very little event data directly on the home page.,Dhruv,Moderate,,,,,,,,,,,,,,,,,
Quebec,Tourisme Monteregie,Regional Tourism,https://www.tourisme-monteregie.qc.ca,,"Dynamic site with content likely rendered client-side, will need headless browser . robots.txt allows crawling.",Dhruv,Moderate,,,,,,,,,,,,,,,,,
Quebec,Chambre de commerce de Sherbrooke,Chamber of Commerce,https://www.ccsherbrooke.ca,,Dynamic site likely using JavaScript. Lacks robots.txt.,Dhruv,Moderate,,,,,,,,,,,,,,,,,
Quebec,Destination Sherbrooke,City Tourism Board,https://destinationsherbrooke.com,,Dynamic site will need headless browser. robots.txt allows crawling.,Dhruv,Moderate,,,,,,,,,,,,,,,,,
Quebec,Espace-inc,Incubator/Accelerator,https://espace-inc.org,,Dynamic site will need headless browser. The site does not have robots.txt,Dhruv,Moderate,,,,,,,,,,,,,,,,,
Quebec,Chambre de commerce et d'industrie (CCITR),Chamber of Commerce,https://www.ccitr.net,,"Dynamic site that is likely to use javascript. robots.txt is accessible, though page requests take some time. No obvious API endpoints detected.",Dhruv,Moderate,,,,,,,,,,,,,,,,,
Quebec,Tourisme Mauricie,Regional Tourism,https://www.tourismemauricie.com,,Dynamic site will need headless browser. robots.txt allows crawling.,Dhruv,Moderate,,,,,,,,,,,,,,,,,
Quebec,Bonjour Quebec (Tourisme Quebec),Provincial DMO,https://www.bonjourquebec.com,,Heavily JavaScript-driven; headless browser needed.,Dhruv,Moderate,,,,,,,,,,,,,,,,,
Quebec,Quebec Festivals & Events,Festival Directory,https://www.quebecoriginal.com/en/things-to-do/events,,JavaScript-driven; headless browser needed; no robots.txt found.,Dhruv,Moderate,,,,,,,,,,,,,,,,,
Quebec,Regroupement des evenements majeurs internationaux (REMI),Major Quebec Events,https://www.remi.qc.ca/,,HTML scraping should be sufficient; no robots.txt found.,Dhruv,Moderate,,,,,,,,,,,,,,,,,
,,,,,,,,,,,,,,,,,,,,,,,,
Saskatchewan (SK),Economic Development Regina (EDR),Business Events,https://economicdevelopmentregina.com/,,"“Insights” section lists indicators/reports you can scrape (economic indicators, reports). Footer shows developer “Strategy Lab”; WP-like structure suggests consistent HTML patterns across posts",Madhavi,Medium,,,,,,,,,,,,,,,,,
Saskatchewan,Regina Chamber of Commerce,Business Events,https://reginachamber.com/,,Events calendar and membership directory are useful targets; site includes sponsor/exhibitor info as well.,Madhavi,Medium,,,,,,,,,,,,,,,,,
Saskatchewan,Startup TNT,Business Events,https://startuptnt.com/,,"Events may redirect to Eventbrite pages; scraping may require following outbound links. Startup TNT operates across Western Canada (Regina, Saskatoon, Edmonton, Calgary, Winnipeg).",Madhavi,Medium,,,,,,,,,,,,,,,,,
Saskatchewan,Tourism Regina,Tourism Businesses,https://tourismregina.com/,,"Events page is a key target (/events/).
Listings are structured in consistent card layouts (Scrapy-friendly).
City-backed tourism board ensures high-quality, verified data.",Madhavi,Easy,,,,,,,,,,,,,,,,,
Saskatchewan,WESK (Women Entrepreneurs of Saskatchewan),Business Events,https://wesk.ca/,,"Dedicated Events and Programs sections.
Member-only features exist, but event listings are accessible publicly.
Strong focus on business development for women entrepreneurs.",Madhavi,Medium,,,,,,,,,,,,,,,,,
Saskatchewan,Co.Labs,Business Events,https://www.co-labs.ca/,,"Website highlights success stories, accelerator programs, and pitch nights.
Event information may be tied to external platforms (Eventbrite/Google forms).
Useful for business/entrepreneurship event mapping.",Madhavi,Medium,,,,,,,,,,,,,,,,,
Saskatchewan,Greater Saskatoon Chamber of Commerce,Business Events,https://saskatoonchamber.com/,,Structured Events Calendar section.,Madhavi,Medium,,,,,,,,,,,,,,,,,
Saskatchewan,SREDA (Saskatoon Regional Economic Development Authority),Business Events,https://sreda.com/,,"Provides economic reports, talent programs, and business support initiatives.",Madhavi,Medium,,,,,,,,,,,,,,,,,
Saskatchewan,Startup TNT,Business Events,https://startuptnt.com/,,"Events may redirect to Eventbrite pages; scraping may require following outbound links. Startup TNT operates across Western Canada (Regina, Saskatoon, Edmonton, Calgary, Winnipeg).",Madhavi,Medium,,,,,,,,,,,,,,,,,
Saskatchewan,Tourism Saskatoon,Tourism Businesses,https://www.discoversaskatoon.com/,,"Events page (/events/) lists details like event name, date, and location in structured cards.
High-value target for tourism-related data extraction.",Madhavi,Easy,,,,,,,,,,,,,,,,,
Saskatchewan,WESK (Women Entrepreneurs of Saskatchewan),Business Events,https://wesk.ca/,,"Dedicated Events and Programs sections.
Member-only features exist, but event listings are accessible publicly.
Strong focus on business development for women entrepreneurs.",Madhavi,Medium,,,,,,,,,,,,,,,,,
Saskatchewan,SaskTel Centre Events,Sporting Events,https://www.sasktelcentre.com/events/,,"Event details consistently formatted in cards on /events/.
Sports and concerts are intermixed, so you may need to classify them further (e.g., sports vs. music) if required.
Ticket links go to external providers (Ticketmaster) for purchase.",Madhavi,Easy,,,,,,,,,,,,,,,,,
Saskatchewan,Saskatchewan Games Council,Sporting Events,https://saskgames.ca/,,Focused on multi-sport events similar to provincial Olympics.,Madhavi,Medium,,,,,,,,,,,,,,,,,
Saskatchewan,Tourism Saskatchewan,Tourism Businesses,https://www.tourismsaskatchewan.com/,,"Event calendar provides structured listings with event name, date, and location.
Strong coverage across all cities/regions in Saskatchewan.
Serves as a high-value central source for tourism and festival data.",Madhavi,Easy,,,,,,,,,,,,,,,,,
Saskatchewan,Tourism Saskatchewan – Festival Directory,Festivals and Community Events,https://www.tourismsaskatchewan.com/_404,,Rich dataset for cultural and tourism-related events.,Madhavi,Easy,,,,,,,,,,,,,,,,,
,,,,,,,,,,,,,,,,,,,,,,,,
Northwest Territories,Folk on the Rocks,Music Festival,https://www.folkontherocks.com/,,"The “Lineup” (artists) are clearly listed, with their names.
Folk On The Rocks

• Key festival date information is present (“July 17-19, 2026”)
• The site also has “Tickets”, “Artists”, “About Us”, “Get Involved”, etc. “Artists” is especially useful — many artist names visible.
• Some parts (images, graphics) are decorative; some event details beyond just artist names (like times, exact schedule) may require finding sub-pages.",Dhruv,Moderate,,,,,,,,,,,,,,,,,
Northwest Territories,NWT Arts,Territorial Cultural Events,https://www.nwtarts.com/events,,"Events are organized by month (e.g., “September 2025”, “October 2025”, etc.) with event name, date, community/location, and short description.
NWT Arts

• There are “Full event details” links for each event, which probably go to pages with more info.
• Community / location fields are provided.
• Some events have price info (e.g. “$20 Standard”) in the listing.
• It is bilingual (English / Français) elsewhere, though event listings are in English by default.
• No heavy filtering or category selection immediately visible—just time-based grouping.",Dhruv,Moderate,,,,,,,,,,,,,,,,,
Northwest Territories,NWT Track & Field Championships,Territorial Spectator Sports,https://www.nwtschoolathletics.com/track-and-field.html,,-,,,,,,,,,,,,,,,,,,,
Northwest Territories,Spectacular NWT,Territorial DMO - Festivals & Events,https://spectacularnwt.com/story/events-festivals-northwest-territories,,Events listed dynamically; no public API detected,Dhruv,Moderate,,,,,,,,,,,,,,,,,
,,,,,,,,,,,,,,,,,,,,,,,,
Nunavut,Alianait Arts Festival,Cultural Arts Festival,https://alianait.ca/,,Events listed dynamically; no public API detected,Dhruv,Moderate,,,,,,,,,,,,,,,,,
Nunavut,Government of Nunavut - Sport & Recreation,Territorial Sports,https://www.gov.nu.ca/family-services/information/sport-and-recreation,,Provides information on community programs and initiatives; no public API detected,Dhruv,Moderate,,,,,,,,,,,,,,,,,
Nunavut,Toonik Tyme Festival,Winter Festival & Cultural Events,https://www.facebook.com/tooniktymeiql/,,Provides information on community programs and initiatives; no public API detected,Dhruv,Moderate,,,,,,,,,,,,,,,,,
Nunavut,Travel Nunavut,Territorial DMO - Events,https://travelnunavut.ca/about/events-festivals/,,Provides information on community programs and initiatives; no public API detected,Dhruv,Moderate,,,,,,,,,,,,,,,,,
,,,,,,,,,,,,,,,,,,,,,,,,
"Yukon ",Adaka Cultural Festival,Indigenous Arts & Culture Festival,https://adakafestival.ca,,"Some pages show ""verifying request"" anti-bot check",Dhruv,Moderate,,,,,,,,,,,,,,,,,
"Yukon ",Sport Yukon,Territorial Sports Association,https://www.sportyukon.com/,,"Public “Upcoming Events” is accessible without login.
- Some content under “Members” may be restricted.
- The site is built on Squarespace (the footer says “Made with Squarespace”)
Sport Yukon

- Because Squarespace is often server-rendered, many pages are static in nature.",Dhruv,Moderate,,,,,,,,,,,,,,,,,
"Yukon ",What's Up Yukon,Local Events Aggregator,https://whatsupyukon.com/events/,,"- The page currently gives “Internal Error” — might be a temporary server issue.
- The site might require specific headers or cookies to display content.
- If the content is rendered client-side (with JavaScript), scraping needs to use a browser-based tool (Playwright).
- We’ll need to retry later, or view via browser with DevTools to see if content appears.",Dhruv,Moderate,,,,,,,,,,,,,,,,,
"Yukon ",Yukon Chamber of Commerce,Business Events,https://yukonchamber.com/events-2,,"The URL returned an Internal Error / 404 (page not found) when I tried to fetch it.
→ The page might have been moved, removed, or requires certain access or headers to load.

So I couldn’t see page content, HTML, or event listings to judge whether it’s static or dynamic.

Without seeing the HTML or network requests, I can’t reliably see if there’s an API, or whether the site requires login, or exactly how scraping would function.",Dhruv,Moderate,,,,,,,,,,,,,,,,,
"Yukon ",Travel Yukon,Territorial DMO - Festivals & Events,https://www.travelyukon.com/en,,"The site has a fairly rich navigation and content sections: “See & Do”, “Activities”, “Events” in menu.
Travel Yukon

• There is a “Filters” UI (for selecting season, interests, etc.), likely client side JS behavior to filter content (but base content seems to load statically).
• The “Login / Sign Up” suggests some content/features are restricted.
• If “Events” page exists, likely parts will be publicly available.
• Might require dealing with pagination or category/filter combinations.",Dhruv,Moderate,,,,,,,,,,,,,,,,,
"Yukon ",Yukon Sourdough Rendezvous,Winter Festival,https://www.yukonrendezvous.com/,,"• The site uses Wix.com (footer says “Created with Wix.com”)
ysrfestival
+1

• There is a “2025 Programs” page with downloadable program documents (e.g. PDF)
ysrfestival

• The “Affiliated Events” page lists many sub-events, with detailed descriptions, locations, dates, and contact / price info.
ysrfestival

• Volunteer signup is done via an external form (redirected link)",Dhruv,Moderate,,,,,,,,,,,,,,,,,
,,,,,,,,,,,,,,,,,,,,,,,,
,,,,,,,,,,,,,,,,,,,,,,,,
,,,,,,,,,,,,,,,,,,,,,,,,
,,,,,,,,,,,,,,,,,,,,,,,,
,,,,,,,,,,,,,,,,,,,,,,,,
,,,,,,,,,,,,,,,,,,,,,,,,
,,,,,,,,,,,,,,,,,,,,,,,,
,,,,,,,,,,,,,,,,,,,,,,,,
,,,,,,,,,,,,,,,,,,,,,,,,
,,,,,,,,,,,,,,,,,,,,,,,,
,,,,,,,,,,,,,,,,,,,,,,,,
,,,,,,,,,,,,,,,,,,,,,,,,
,,,,,,,,,,,,,,,,,,,,,,,,
,,,,,,,,,,,,,,,,,,,,,,,,
,,,,,,,,,,,,,,,,,,,,,,,,
,,,,,,,,,,,,,,,,,,,,,,,,
,,,,,,,,,,,,,,,,,,,,,,,,
,,,,,,,,,,,,,,,,,,,,,,,,
,,,,,,,,,,,,,,,,,,,,,,,,
,,,,,,,,,,,,,,,,,,,,,,,,
,,,,,,,,,,,,,,,,,,,,,,,,
,,,,,,,,,,,,,,,,,,,,,,,,
,,,,,,,,,,,,,,,,,,,,,,,,
,,,,,,,,,,,,,,,,,,,,,,,,
,,,,,,,,,,,,,,,,,,,,,,,,
,,,,,,,,,,,,,,,,,,,,,,,,
,,,,,,,,,,,,,,,,,,,,,,,,
,,,,,,,,,,,,,,,,,,,,,,,,
,,,,,,,,,,,,,,,,,,,,,,,,
,,,,,,,,,,,,,,,,,,,,,,,,
,,,,,,,,,,,,,,,,,,,,,,,,
,,,,,,,,,,,,,,,,,,,,,,,,
,,,,,,,,,,,,,,,,,,,,,,,,
,,,,,,,,,,,,,,,,,,,,,,,,
,,,,,,,,,,,,,,,,,,,,,,,,
,,,,,,,,,,,,,,,,,,,,,,,,
,,,,,,,,,,,,,,,,,,,,,,,,
,,,,,,,,,,,,,,,,,,,,,,,,
,,,,,,,,,,,,,,,,,,,,,,,,
,,,,,,,,,,,,,,,,,,,,,,,,
,,,,,,,,,,,,,,,,,,,,,,,,
,,,,,,,,,,,,,,,,,,,,,,,,
,,,,,,,,,,,,,,,,,,,,,,,,
,,,,,,,,,,,,,,,,,,,,,,,,
,,,,,,,,,,,,,,,,,,,,,,,,
,,,,,,,,,,,,,,,,,,,,,,,,
,,,,,,,,,,,,,,,,,,,,,,,,
,,,,,,,,,,,,,,,,,,,,,,,,
,,,,,,,,,,,,,,,,,,,,,,,,
,,,,,,,,,,,,,,,,,,,,,,,,
,,,,,,,,,,,,,,,,,,,,,,,,
,,,,,,,,,,,,,,,,,,,,,,,,
,,,,,,,,,,,,,,,,,,,,,,,,
,,,,,,,,,,,,,,,,,,,,,,,,
,,,,,,,,,,,,,,,,,,,,,,,,
,,,,,,,,,,,,,,,,,,,,,,,,
,,,,,,,,,,,,,,,,,,,,,,,,
,,,,,,,,,,,,,,,,,,,,,,,,
,,,,,,,,,,,,,,,,,,,,,,,,
,,,,,,,,,,,,,,,,,,,,,,,,
,,,,,,,,,,,,,,,,,,,,,,,,
,,,,,,,,,,,,,,,,,,,,,,,,
,,,,,,,,,,,,,,,,,,,,,,,,
,,,,,,,,,,,,,,,,,,,,,,,,
,,,,,,,,,,,,,,,,,,,,,,,,
,,,,,,,,,,,,,,,,,,,,,,,,
,,,,,,,,,,,,,,,,,,,,,,,,
,,,,,,,,,,,,,,,,,,,,,,,,
,,,,,,,,,,,,,,,,,,,,,,,,
,,,,,,,,,,,,,,,,,,,,,,,,
,,,,,,,,,,,,,,,,,,,,,,,,
,,,,,,,,,,,,,,,,,,,,,,,,
,,,,,,,,,,,,,,,,,,,,,,,,
,,,,,,,,,,,,,,,,,,,,,,,,
,,,,,,,,,,,,,,,,,,,,,,,,
,,,,,,,,,,,,,,,,,,,,,,,,
,,,,,,,,,,,,,,,,,,,,,,,,
,,,,,,,,,,,,,,,,,,,,,,,,
,,,,,,,,,,,,,,,,,,,,,,,,
,,,,,,,,,,,,,,,,,,,,,,,,
,,,,,,,,,,,,,,,,,,,,,,,,
,,,,,,,,,,,,,,,,,,,,,,,,
,,,,,,,,,,,,,,,,,,,,,,,,
,,,,,,,,,,,,,,,,,,,,,,,,
,,,,,,,,,,,,,,,,,,,,,,,,
,,,,,,,,,,,,,,,,,,,,,,,,
,,,,,,,,,,,,,,,,,,,,,,,,
,,,,,,,,,,,,,,,,,,,,,,,,
,,,,,,,,,,,,,,,,,,,,,,,,
,,,,,,,,,,,,,,,,,,,,,,,,
,,,,,,,,,,,,,,,,,,,,,,,,
,,,,,,,,,,,,,,,,,,,,,,,,
,,,,,,,,,,,,,,,,,,,,,,,,
,,,,,,,,,,,,,,,,,,,,,,,,
,,,,,,,,,,,,,,,,,,,,,,,,
,,,,,,,,,,,,,,,,,,,,,,,,
,,,,,,,,,,,,,,,,,,,,,,,,
,,,,,,,,,,,,,,,,,,,,,,,,
,,,,,,,,,,,,,,,,,,,,,,,,
,,,,,,,,,,,,,,,,,,,,,,,,
,,,,,,,,,,,,,,,,,,,,,,,,
,,,,,,,,,,,,,,,,,,,,,,,,
,,,,,,,,,,,,,,,,,,,,,,,,
,,,,,,,,,,,,,,,,,,,,,,,,
,,,,,,,,,,,,,,,,,,,,,,,,
,,,,,,,,,,,,,,,,,,,,,,,,
,,,,,,,,,,,,,,,,,,,,,,,,
,,,,,,,,,,,,,,,,,,,,,,,,
,,,,,,,,,,,,,,,,,,,,,,,,
,,,,,,,,,,,,,,,,,,,,,,,,
,,,,,,,,,,,,,,,,,,,,,,,,
,,,,,,,,,,,,,,,,,,,,,,,,
,,,,,,,,,,,,,,,,,,,,,,,,
,,,,,,,,,,,,,,,,,,,,,,,,
,,,,,,,,,,,,,,,,,,,,,,,,
,,,,,,,,,,,,,,,,,,,,,,,,
,,,,,,,,,,,,,,,,,,,,,,,,
,,,,,,,,,,,,,,,,,,,,,,,,
,,,,,,,,,,,,,,,,,,,,,,,,
,,,,,,,,,,,,,,,,,,,,,,,,
,,,,,,,,,,,,,,,,,,,,,,,,
,,,,,,,,,,,,,,,,,,,,,,,,
,,,,,,,,,,,,,,,,,,,,,,,,
,,,,,,,,,,,,,,,,,,,,,,,,
,,,,,,,,,,,,,,,,,,,,,,,,
,,,,,,,,,,,,,,,,,,,,,,,,
,,,,,,,,,,,,,,,,,,,,,,,,
,,,,,,,,,,,,,,,,,,,,,,,,
,,,,,,,,,,,,,,,,,,,,,,,,
,,,,,,,,,,,,,,,,,,,,,,,,
,,,,,,,,,,,,,,,,,,,,,,,,
,,,,,,,,,,,,,,,,,,,,,,,,
,,,,,,,,,,,,,,,,,,,,,,,,
,,,,,,,,,,,,,,,,,,,,,,,,
,,,,,,,,,,,,,,,,,,,,,,,,
,,,,,,,,,,,,,,,,,,,,,,,,
,,,,,,,,,,,,,,,,,,,,,,,,
,,,,,,,,,,,,,,,,,,,,,,,,
,,,,,,,,,,,,,,,,,,,,,,,,
,,,,,,,,,,,,,,,,,,,,,,,,
,,,,,,,,,,,,,,,,,,,,,,,,
,,,,,,,,,,,,,,,,,,,,,,,,
,,,,,,,,,,,,,,,,,,,,,,,,
,,,,,,,,,,,,,,,,,,,,,,,,
,,,,,,,,,,,,,,,,,,,,,,,,
,,,,,,,,,,,,,,,,,,,,,,,,
,,,,,,,,,,,,,,,,,,,,,,,,
,,,,,,,,,,,,,,,,,,,,,,,,
,,,,,,,,,,,,,,,,,,,,,,,,
,,,,,,,,,,,,,,,,,,,,,,,,
,,,,,,,,,,,,,,,,,,,,,,,,
,,,,,,,,,,,,,,,,,,,,,,,,
,,,,,,,,,,,,,,,,,,,,,,,,
,,,,,,,,,,,,,,,,,,,,,,,,
,,,,,,,,,,,,,,,,,,,,,,,,
,,,,,,,,,,,,,,,,,,,,,,,,
,,,,,,,,,,,,,,,,,,,,,,,,
,,,,,,,,,,,,,,,,,,,,,,,,
,,,,,,,,,,,,,,,,,,,,,,,,
,,,,,,,,,,,,,,,,,,,,,,,,
,,,,,,,,,,,,,,,,,,,,,,,,
,,,,,,,,,,,,,,,,,,,,,,,,
,,,,,,,,,,,,,,,,,,,,,,,,
,,,,,,,,,,,,,,,,,,,,,,,,
,,,,,,,,,,,,,,,,,,,,,,,,
,,,,,,,,,,,,,,,,,,,,,,,,
,,,,,,,,,,,,,,,,,,,,,,,,
,,,,,,,,,,,,,,,,,,,,,,,,
,,,,,,,,,,,,,,,,,,,,,,,,
,,,,,,,,,,,,,,,,,,,,,,,,
,,,,,,,,,,,,,,,,,,,,,,,,
,,,,,,,,,,,,,,,,,,,,,,,,
,,,,,,,,,,,,,,,,,,,,,,,,
,,,,,,,,,,,,,,,,,,,,,,,,
,,,,,,,,,,,,,,,,,,,,,,,,
,,,,,,,,,,,,,,,,,,,,,,,,
,,,,,,,,,,,,,,,,,,,,,,,,
,,,,,,,,,,,,,,,,,,,,,,,,
,,,,,,,,,,,,,,,,,,,,,,,,
,,,,,,,,,,,,,,,,,,,,,,,,
,,,,,,,,,,,,,,,,,,,,,,,,
,,,,,,,,,,,,,,,,,,,,,,,,
,,,,,,,,,,,,,,,,,,,,,,,,
,,,,,,,,,,,,,,,,,,,,,,,,
,,,,,,,,,,,,,,,,,,,,,,,,
,,,,,,,,,,,,,,,,,,,,,,,,
,,,,,,,,,,,,,,,,,,,,,,,,
,,,,,,,,,,,,,,,,,,,,,,,,
,,,,,,,,,,,,,,,,,,,,,,,,
,,,,,,,,,,,,,,,,,,,,,,,,
,,,,,,,,,,,,,,,,,,,,,,,,
,,,,,,,,,,,,,,,,,,,,,,,,
,,,,,,,,,,,,,,,,,,,,,,,,
,,,,,,,,,,,,,,,,,,,,,,,,
,,,,,,,,,,,,,,,,,,,,,,,,
,,,,,,,,,,,,,,,,,,,,,,,,
,,,,,,,,,,,,,,,,,,,,,,,,
,,,,,,,,,,,,,,,,,,,,,,,,
,,,,,,,,,,,,,,,,,,,,,,,,
,,,,,,,,,,,,,,,,,,,,,,,,
,,,,,,,,,,,,,,,,,,,,,,,,
,,,,,,,,,,,,,,,,,,,,,,,,
,,,,,,,,,,,,,,,,,,,,,,,,
,,,,,,,,,,,,,,,,,,,,,,,,
,,,,,,,,,,,,,,,,,,,,,,,,
,,,,,,,,,,,,,,,,,,,,,,,,
,,,,,,,,,,,,,,,,,,,,,,,,
,,,,,,,,,,,,,,,,,,,,,,,,
,,,,,,,,,,,,,,,,,,,,,,,,
,,,,,,,,,,,,,,,,,,,,,,,,
,,,,,,,,,,,,,,,,,,,,,,,,
,,,,,,,,,,,,,,,,,,,,,,,,
,,,,,,,,,,,,,,,,,,,,,,,,
,,,,,,,,,,,,,,,,,,,,,,,,
,,,,,,,,,,,,,,,,,,,,,,,,
,,,,,,,,,,,,,,,,,,,,,,,,
,,,,,,,,,,,,,,,,,,,,,,,,
,,,,,,,,,,,,,,,,,,,,,,,,
,,,,,,,,,,,,,,,,,,,,,,,,
,,,,,,,,,,,,,,,,,,,,,,,,
,,,,,,,,,,,,,,,,,,,,,,,,
,,,,,,,,,,,,,,,,,,,,,,,,
,,,,,,,,,,,,,,,,,,,,,,,,
,,,,,,,,,,,,,,,,,,,,,,,,
,,,,,,,,,,,,,,,,,,,,,,,,
,,,,,,,,,,,,,,,,,,,,,,,,
,,,,,,,,,,,,,,,,,,,,,,,,
,,,,,,,,,,,,,,,,,,,,,,,,
,,,,,,,,,,,,,,,,,,,,,,,,
,,,,,,,,,,,,,,,,,,,,,,,,
,,,,,,,,,,,,,,,,,,,,,,,,
,,,,,,,,,,,,,,,,,,,,,,,,
,,,,,,,,,,,,,,,,,,,,,,,,
,,,,,,,,,,,,,,,,,,,,,,,,
,,,,,,,,,,,,,,,,,,,,,,,,
,,,,,,,,,,,,,,,,,,,,,,,,
,,,,,,,,,,,,,,,,,,,,,,,,
,,,,,,,,,,,,,,,,,,,,,,,,
,,,,,,,,,,,,,,,,,,,,,,,,
,,,,,,,,,,,,,,,,,,,,,,,,
,,,,,,,,,,,,,,,,,,,,,,,,
,,,,,,,,,,,,,,,,,,,,,,,,
,,,,,,,,,,,,,,,,,,,,,,,,
,,,,,,,,,,,,,,,,,,,,,,,,
,,,,,,,,,,,,,,,,,,,,,,,,
,,,,,,,,,,,,,,,,,,,,,,,,
,,,,,,,,,,,,,,,,,,,,,,,,
,,,,,,,,,,,,,,,,,,,,,,,,
,,,,,,,,,,,,,,,,,,,,,,,,
,,,,,,,,,,,,,,,,,,,,,,,,
,,,,,,,,,,,,,,,,,,,,,,,,
,,,,,,,,,,,,,,,,,,,,,,,,
,,,,,,,,,,,,,,,,,,,,,,,,
,,,,,,,,,,,,,,,,,,,,,,,,
,,,,,,,,,,,,,,,,,,,,,,,,
,,,,,,,,,,,,,,,,,,,,,,,,
,,,,,,,,,,,,,,,,,,,,,,,,
,,,,,,,,,,,,,,,,,,,,,,,,
,,,,,,,,,,,,,,,,,,,,,,,,
,,,,,,,,,,,,,,,,,,,,,,,,
,,,,,,,,,,,,,,,,,,,,,,,,
,,,,,,,,,,,,,,,,,,,,,,,,
,,,,,,,,,,,,,,,,,,,,,,,,
,,,,,,,,,,,,,,,,,,,,,,,,
,,,,,,,,,,,,,,,,,,,,,,,,
,,,,,,,,,,,,,,,,,,,,,,,,
,,,,,,,,,,,,,,,,,,,,,,,,
,,,,,,,,,,,,,,,,,,,,,,,,
,,,,,,,,,,,,,,,,,,,,,,,,
,,,,,,,,,,,,,,,,,,,,,,,,
,,,,,,,,,,,,,,,,,,,,,,,,
,,,,,,,,,,,,,,,,,,,,,,,,
,,,,,,,,,,,,,,,,,,,,,,,,
,,,,,,,,,,,,,,,,,,,,,,,,
,,,,,,,,,,,,,,,,,,,,,,,,
,,,,,,,,,,,,,,,,,,,,,,,,
,,,,,,,,,,,,,,,,,,,,,,,,
,,,,,,,,,,,,,,,,,,,,,,,,
,,,,,,,,,,,,,,,,,,,,,,,,
,,,,,,,,,,,,,,,,,,,,,,,,
,,,,,,,,,,,,,,,,,,,,,,,,
,,,,,,,,,,,,,,,,,,,,,,,,
,,,,,,,,,,,,,,,,,,,,,,,,
,,,,,,,,,,,,,,,,,,,,,,,,
,,,,,,,,,,,,,,,,,,,,,,,,
,,,,,,,,,,,,,,,,,,,,,,,,
,,,,,,,,,,,,,,,,,,,,,,,,
,,,,,,,,,,,,,,,,,,,,,,,,
,,,,,,,,,,,,,,,,,,,,,,,,
,,,,,,,,,,,,,,,,,,,,,,,,
,,,,,,,,,,,,,,,,,,,,,,,,
,,,,,,,,,,,,,,,,,,,,,,,,
,,,,,,,,,,,,,,,,,,,,,,,,
,,,,,,,,,,,,,,,,,,,,,,,,
,,,,,,,,,,,,,,,,,,,,,,,,
,,,,,,,,,,,,,,,,,,,,,,,,
,,,,,,,,,,,,,,,,,,,,,,,,
,,,,,,,,,,,,,,,,,,,,,,,,
,,,,,,,,,,,,,,,,,,,,,,,,
,,,,,,,,,,,,,,,,,,,,,,,,
,,,,,,,,,,,,,,,,,,,,,,,,
,,,,,,,,,,,,,,,,,,,,,,,,
,,,,,,,,,,,,,,,,,,,,,,,,
,,,,,,,,,,,,,,,,,,,,,,,,
,,,,,,,,,,,,,,,,,,,,,,,,
,,,,,,,,,,,,,,,,,,,,,,,,
,,,,,,,,,,,,,,,,,,,,,,,,
,,,,,,,,,,,,,,,,,,,,,,,,
,,,,,,,,,,,,,,,,,,,,,,,,
,,,,,,,,,,,,,,,,,,,,,,,,
,,,,,,,,,,,,,,,,,,,,,,,,
,,,,,,,,,,,,,,,,,,,,,,,,
,,,,,,,,,,,,,,,,,,,,,,,,
,,,,,,,,,,,,,,,,,,,,,,,,
,,,,,,,,,,,,,,,,,,,,,,,,
,,,,,,,,,,,,,,,,,,,,,,,,
,,,,,,,,,,,,,,,,,,,,,,,,
,,,,,,,,,,,,,,,,,,,,,,,,
,,,,,,,,,,,,,,,,,,,,,,,,
,,,,,,,,,,,,,,,,,,,,,,,,
,,,,,,,,,,,,,,,,,,,,,,,,
,,,,,,,,,,,,,,,,,,,,,,,,
,,,,,,,,,,,,,,,,,,,,,,,,
,,,,,,,,,,,,,,,,,,,,,,,,
,,,,,,,,,,,,,,,,,,,,,,,,
,,,,,,,,,,,,,,,,,,,,,,,,
,,,,,,,,,,,,,,,,,,,,,,,,
,,,,,,,,,,,,,,,,,,,,,,,,
,,,,,,,,,,,,,,,,,,,,,,,,
,,,,,,,,,,,,,,,,,,,,,,,,
,,,,,,,,,,,,,,,,,,,,,,,,
,,,,,,,,,,,,,,,,,,,,,,,,
,,,,,,,,,,,,,,,,,,,,,,,,
,,,,,,,,,,,,,,,,,,,,,,,,
,,,,,,,,,,,,,,,,,,,,,,,,
,,,,,,,,,,,,,,,,,,,,,,,,
,,,,,,,,,,,,,,,,,,,,,,,,
,,,,,,,,,,,,,,,,,,,,,,,,
,,,,,,,,,,,,,,,,,,,,,,,,
,,,,,,,,,,,,,,,,,,,,,,,,
,,,,,,,,,,,,,,,,,,,,,,,,
,,,,,,,,,,,,,,,,,,,,,,,,
,,,,,,,,,,,,,,,,,,,,,,,,
,,,,,,,,,,,,,,,,,,,,,,,,
,,,,,,,,,,,,,,,,,,,,,,,,
,,,,,,,,,,,,,,,,,,,,,,,,
,,,,,,,,,,,,,,,,,,,,,,,,
,,,,,,,,,,,,,,,,,,,,,,,,
,,,,,,,,,,,,,,,,,,,,,,,,
,,,,,,,,,,,,,,,,,,,,,,,,
,,,,,,,,,,,,,,,,,,,,,,,,
,,,,,,,,,,,,,,,,,,,,,,,,
,,,,,,,,,,,,,,,,,,,,,,,,
,,,,,,,,,,,,,,,,,,,,,,,,
,,,,,,,,,,,,,,,,,,,,,,,,
,,,,,,,,,,,,,,,,,,,,,,,,
,,,,,,,,,,,,,,,,,,,,,,,,
,,,,,,,,,,,,,,,,,,,,,,,,
,,,,,,,,,,,,,,,,,,,,,,,,
,,,,,,,,,,,,,,,,,,,,,,,,
,,,,,,,,,,,,,,,,,,,,,,,,
,,,,,,,,,,,,,,,,,,,,,,,,
,,,,,,,,,,,,,,,,,,,,,,,,
,,,,,,,,,,,,,,,,,,,,,,,,
,,,,,,,,,,,,,,,,,,,,,,,,
,,,,,,,,,,,,,,,,,,,,,,,,
,,,,,,,,,,,,,,,,,,,,,,,,
,,,,,,,,,,,,,,,,,,,,,,,,
,,,,,,,,,,,,,,,,,,,,,,,,
,,,,,,,,,,,,,,,,,,,,,,,,
,,,,,,,,,,,,,,,,,,,,,,,,
,,,,,,,,,,,,,,,,,,,,,,,,
,,,,,,,,,,,,,,,,,,,,,,,,
,,,,,,,,,,,,,,,,,,,,,,,,
,,,,,,,,,,,,,,,,,,,,,,,,
,,,,,,,,,,,,,,,,,,,,,,,,
,,,,,,,,,,,,,,,,,,,,,,,,
,,,,,,,,,,,,,,,,,,,,,,,,
,,,,,,,,,,,,,,,,,,,,,,,,
,,,,,,,,,,,,,,,,,,,,,,,,
,,,,,,,,,,,,,,,,,,,,,,,,
,,,,,,,,,,,,,,,,,,,,,,,,
,,,,,,,,,,,,,,,,,,,,,,,,
,,,,,,,,,,,,,,,,,,,,,,,,
,,,,,,,,,,,,,,,,,,,,,,,,
,,,,,,,,,,,,,,,,,,,,,,,,
,,,,,,,,,,,,,,,,,,,,,,,,
,,,,,,,,,,,,,,,,,,,,,,,,
,,,,,,,,,,,,,,,,,,,,,,,,
,,,,,,,,,,,,,,,,,,,,,,,,
,,,,,,,,,,,,,,,,,,,,,,,,
,,,,,,,,,,,,,,,,,,,,,,,,
,,,,,,,,,,,,,,,,,,,,,,,,
,,,,,,,,,,,,,,,,,,,,,,,,
,,,,,,,,,,,,,,,,,,,,,,,,
,,,,,,,,,,,,,,,,,,,,,,,,
,,,,,,,,,,,,,,,,,,,,,,,,
,,,,,,,,,,,,,,,,,,,,,,,,
,,,,,,,,,,,,,,,,,,,,,,,,
,,,,,,,,,,,,,,,,,,,,,,,,
,,,,,,,,,,,,,,,,,,,,,,,,
,,,,,,,,,,,,,,,,,,,,,,,,
,,,,,,,,,,,,,,,,,,,,,,,,
,,,,,,,,,,,,,,,,,,,,,,,,
,,,,,,,,,,,,,,,,,,,,,,,,
,,,,,,,,,,,,,,,,,,,,,,,,
,,,,,,,,,,,,,,,,,,,,,,,,
,,,,,,,,,,,,,,,,,,,,,,,,
,,,,,,,,,,,,,,,,,,,,,,,,
,,,,,,,,,,,,,,,,,,,,,,,,
,,,,,,,,,,,,,,,,,,,,,,,,
,,,,,,,,,,,,,,,,,,,,,,,,
,,,,,,,,,,,,,,,,,,,,,,,,
,,,,,,,,,,,,,,,,,,,,,,,,
,,,,,,,,,,,,,,,,,,,,,,,,
,,,,,,,,,,,,,,,,,,,,,,,,
,,,,,,,,,,,,,,,,,,,,,,,,
,,,,,,,,,,,,,,,,,,,,,,,,
,,,,,,,,,,,,,,,,,,,,,,,,
,,,,,,,,,,,,,,,,,,,,,,,,
,,,,,,,,,,,,,,,,,,,,,,,,
,,,,,,,,,,,,,,,,,,,,,,,,
,,,,,,,,,,,,,,,,,,,,,,,,
,,,,,,,,,,,,,,,,,,,,,,,,
,,,,,,,,,,,,,,,,,,,,,,,,
,,,,,,,,,,,,,,,,,,,,,,,,
,,,,,,,,,,,,,,,,,,,,,,,,
,,,,,,,,,,,,,,,,,,,,,,,,
,,,,,,,,,,,,,,,,,,,,,,,,
,,,,,,,,,,,,,,,,,,,,,,,,
,,,,,,,,,,,,,,,,,,,,,,,,
,,,,,,,,,,,,,,,,,,,,,,,,
,,,,,,,,,,,,,,,,,,,,,,,,
,,,,,,,,,,,,,,,,,,,,,,,,
,,,,,,,,,,,,,,,,,,,,,,,,
,,,,,,,,,,,,,,,,,,,,,,,,
,,,,,,,,,,,,,,,,,,,,,,,,
,,,,,,,,,,,,,,,,,,,,,,,,
,,,,,,,,,,,,,,,,,,,,,,,,
,,,,,,,,,,,,,,,,,,,,,,,,
,,,,,,,,,,,,,,,,,,,,,,,,
,,,,,,,,,,,,,,,,,,,,,,,,
,,,,,,,,,,,,,,,,,,,,,,,,
,,,,,,,,,,,,,,,,,,,,,,,,
,,,,,,,,,,,,,,,,,,,,,,,,
,,,,,,,,,,,,,,,,,,,,,,,,
,,,,,,,,,,,,,,,,,,,,,,,,
,,,,,,,,,,,,,,,,,,,,,,,,
,,,,,,,,,,,,,,,,,,,,,,,,
,,,,,,,,,,,,,,,,,,,,,,,,
,,,,,,,,,,,,,,,,,,,,,,,,
,,,,,,,,,,,,,,,,,,,,,,,,
,,,,,,,,,,,,,,,,,,,,,,,,
,,,,,,,,,,,,,,,,,,,,,,,,
,,,,,,,,,,,,,,,,,,,,,,,,
,,,,,,,,,,,,,,,,,,,,,,,,
,,,,,,,,,,,,,,,,,,,,,,,,
,,,,,,,,,,,,,,,,,,,,,,,,
,,,,,,,,,,,,,,,,,,,,,,,,
,,,,,,,,,,,,,,,,,,,,,,,,
,,,,,,,,,,,,,,,,,,,,,,,,
,,,,,,,,,,,,,,,,,,,,,,,,
,,,,,,,,,,,,,,,,,,,,,,,,
,,,,,,,,,,,,,,,,,,,,,,,,
,,,,,,,,,,,,,,,,,,,,,,,,
,,,,,,,,,,,,,,,,,,,,,,,,
,,,,,,,,,,,,,,,,,,,,,,,,
,,,,,,,,,,,,,,,,,,,,,,,,
,,,,,,,,,,,,,,,,,,,,,,,,
,,,,,,,,,,,,,,,,,,,,,,,,
,,,,,,,,,,,,,,,,,,,,,,,,
,,,,,,,,,,,,,,,,,,,,,,,,
,,,,,,,,,,,,,,,,,,,,,,,,
,,,,,,,,,,,,,,,,,,,,,,,,
,,,,,,,,,,,,,,,,,,,,,,,,
,,,,,,,,,,,,,,,,,,,,,,,,
,,,,,,,,,,,,,,,,,,,,,,,,
,,,,,,,,,,,,,,,,,,,,,,,,
,,,,,,,,,,,,,,,,,,,,,,,,
,,,,,,,,,,,,,,,,,,,,,,,,
,,,,,,,,,,,,,,,,,,,,,,,,
,,,,,,,,,,,,,,,,,,,,,,,,
,,,,,,,,,,,,,,,,,,,,,,,,
,,,,,,,,,,,,,,,,,,,,,,,,
,,,,,,,,,,,,,,,,,,,,,,,,
,,,,,,,,,,,,,,,,,,,,,,,,
,,,,,,,,,,,,,,,,,,,,,,,,
,,,,,,,,,,,,,,,,,,,,,,,,
,,,,,,,,,,,,,,,,,,,,,,,,
,,,,,,,,,,,,,,,,,,,,,,,,
,,,,,,,,,,,,,,,,,,,,,,,,
,,,,,,,,,,,,,,,,,,,,,,,,
,,,,,,,,,,,,,,,,,,,,,,,,
,,,,,,,,,,,,,,,,,,,,,,,,
,,,,,,,,,,,,,,,,,,,,,,,,
,,,,,,,,,,,,,,,,,,,,,,,,
,,,,,,,,,,,,,,,,,,,,,,,,
,,,,,,,,,,,,,,,,,,,,,,,,
,,,,,,,,,,,,,,,,,,,,,,,,
,,,,,,,,,,,,,,,,,,,,,,,,
,,,,,,,,,,,,,,,,,,,,,,,,
,,,,,,,,,,,,,,,,,,,,,,,,
,,,,,,,,,,,,,,,,,,,,,,,,
,,,,,,,,,,,,,,,,,,,,,,,,
,,,,,,,,,,,,,,,,,,,,,,,,
,,,,,,,,,,,,,,,,,,,,,,,,
,,,,,,,,,,,,,,,,,,,,,,,,
,,,,,,,,,,,,,,,,,,,,,,,,
,,,,,,,,,,,,,,,,,,,,,,,,
,,,,,,,,,,,,,,,,,,,,,,,,
,,,,,,,,,,,,,,,,,,,,,,,,
,,,,,,,,,,,,,,,,,,,,,,,,
,,,,,,,,,,,,,,,,,,,,,,,,
,,,,,,,,,,,,,,,,,,,,,,,,
,,,,,,,,,,,,,,,,,,,,,,,,
,,,,,,,,,,,,,,,,,,,,,,,,
,,,,,,,,,,,,,,,,,,,,,,,,
,,,,,,,,,,,,,,,,,,,,,,,,
,,,,,,,,,,,,,,,,,,,,,,,,
,,,,,,,,,,,,,,,,,,,,,,,,
,,,,,,,,,,,,,,,,,,,,,,,,
,,,,,,,,,,,,,,,,,,,,,,,,
,,,,,,,,,,,,,,,,,,,,,,,,
,,,,,,,,,,,,,,,,,,,,,,,,
,,,,,,,,,,,,,,,,,,,,,,,,
,,,,,,,,,,,,,,,,,,,,,,,,
,,,,,,,,,,,,,,,,,,,,,,,,
,,,,,,,,,,,,,,,,,,,,,,,,
,,,,,,,,,,,,,,,,,,,,,,,,
,,,,,,,,,,,,,,,,,,,,,,,,
,,,,,,,,,,,,,,,,,,,,,,,,
,,,,,,,,,,,,,,,,,,,,,,,,
,,,,,,,,,,,,,,,,,,,,,,,,
,,,,,,,,,,,,,,,,,,,,,,,,
,,,,,,,,,,,,,,,,,,,,,,,,
,,,,,,,,,,,,,,,,,,,,,,,,
,,,,,,,,,,,,,,,,,,,,,,,,
,,,,,,,,,,,,,,,,,,,,,,,,
,,,,,,,,,,,,,,,,,,,,,,,,
,,,,,,,,,,,,,,,,,,,,,,,,
,,,,,,,,,,,,,,,,,,,,,,,,
,,,,,,,,,,,,,,,,,,,,,,,,
,,,,,,,,,,,,,,,,,,,,,,,,
,,,,,,,,,,,,,,,,,,,,,,,,
,,,,,,,,,,,,,,,,,,,,,,,,
,,,,,,,,,,,,,,,,,,,,,,,,
,,,,,,,,,,,,,,,,,,,,,,,,
,,,,,,,,,,,,,,,,,,,,,,,,
,,,,,,,,,,,,,,,,,,,,,,,,
,,,,,,,,,,,,,,,,,,,,,,,,
,,,,,,,,,,,,,,,,,,,,,,,,
,,,,,,,,,,,,,,,,,,,,,,,,
,,,,,,,,,,,,,,,,,,,,,,,,
,,,,,,,,,,,,,,,,,,,,,,,,
,,,,,,,,,,,,,,,,,,,,,,,,
,,,,,,,,,,,,,,,,,,,,,,,,
,,,,,,,,,,,,,,,,,,,,,,,,
,,,,,,,,,,,,,,,,,,,,,,,,
,,,,,,,,,,,,,,,,,,,,,,,,
,,,,,,,,,,,,,,,,,,,,,,,,
,,,,,,,,,,,,,,,,,,,,,,,,
,,,,,,,,,,,,,,,,,,,,,,,,
,,,,,,,,,,,,,,,,,,,,,,,,
,,,,,,,,,,,,,,,,,,,,,,,,
,,,,,,,,,,,,,,,,,,,,,,,,
,,,,,,,,,,,,,,,,,,,,,,,,
,,,,,,,,,,,,,,,,,,,,,,,,
,,,,,,,,,,,,,,,,,,,,,,,,
,,,,,,,,,,,,,,,,,,,,,,,,
,,,,,,,,,,,,,,,,,,,,,,,,
,,,,,,,,,,,,,,,,,,,,,,,,
,,,,,,,,,,,,,,,,,,,,,,,,
,,,,,,,,,,,,,,,,,,,,,,,,
,,,,,,,,,,,,,,,,,,,,,,,,
,,,,,,,,,,,,,,,,,,,,,,,,
,,,,,,,,,,,,,,,,,,,,,,,,
,,,,,,,,,,,,,,,,,,,,,,,,
,,,,,,,,,,,,,,,,,,,,,,,,
,,,,,,,,,,,,,,,,,,,,,,,,
,,,,,,,,,,,,,,,,,,,,,,,,
,,,,,,,,,,,,,,,,,,,,,,,,
,,,,,,,,,,,,,,,,,,,,,,,,
,,,,,,,,,,,,,,,,,,,,,,,,
,,,,,,,,,,,,,,,,,,,,,,,,
,,,,,,,,,,,,,,,,,,,,,,,,
,,,,,,,,,,,,,,,,,,,,,,,,
,,,,,,,,,,,,,,,,,,,,,,,,
,,,,,,,,,,,,,,,,,,,,,,,,
,,,,,,,,,,,,,,,,,,,,,,,,
,,,,,,,,,,,,,,,,,,,,,,,,
,,,,,,,,,,,,,,,,,,,,,,,,
,,,,,,,,,,,,,,,,,,,,,,,,
,,,,,,,,,,,,,,,,,,,,,,,,
,,,,,,,,,,,,,,,,,,,,,,,,
,,,,,,,,,,,,,,,,,,,,,,,,
,,,,,,,,,,,,,,,,,,,,,,,,
,,,,,,,,,,,,,,,,,,,,,,,,
,,,,,,,,,,,,,,,,,,,,,,,,
,,,,,,,,,,,,,,,,,,,,,,,,
,,,,,,,,,,,,,,,,,,,,,,,,
,,,,,,,,,,,,,,,,,,,,,,,,
,,,,,,,,,,,,,,,,,,,,,,,,
,,,,,,,,,,,,,,,,,,,,,,,,
,,,,,,,,,,,,,,,,,,,,,,,,
,,,,,,,,,,,,,,,,,,,,,,,,
,,,,,,,,,,,,,,,,,,,,,,,,
,,,,,,,,,,,,,,,,,,,,,,,,
,,,,,,,,,,,,,,,,,,,,,,,,
,,,,,,,,,,,,,,,,,,,,,,,,
,,,,,,,,,,,,,,,,,,,,,,,,
,,,,,,,,,,,,,,,,,,,,,,,,
,,,,,,,,,,,,,,,,,,,,,,,,
,,,,,,,,,,,,,,,,,,,,,,,,
,,,,,,,,,,,,,,,,,,,,,,,,
,,,,,,,,,,,,,,,,,,,,,,,,
,,,,,,,,,,,,,,,,,,,,,,,,
,,,,,,,,,,,,,,,,,,,,,,,,
,,,,,,,,,,,,,,,,,,,,,,,,
,,,,,,,,,,,,,,,,,,,,,,,,
,,,,,,,,,,,,,,,,,,,,,,,,
,,,,,,,,,,,,,,,,,,,,,,,,
,,,,,,,,,,,,,,,,,,,,,,,,
,,,,,,,,,,,,,,,,,,,,,,,,
,,,,,,,,,,,,,,,,,,,,,,,,
,,,,,,,,,,,,,,,,,,,,,,,,
,,,,,,,,,,,,,,,,,,,,,,,,
,,,,,,,,,,,,,,,,,,,,,,,,
,,,,,,,,,,,,,,,,,,,,,,,,
,,,,,,,,,,,,,,,,,,,,,,,,
,,,,,,,,,,,,,,,,,,,,,,,,
,,,,,,,,,,,,,,,,,,,,,,,,
,,,,,,,,,,,,,,,,,,,,,,,,
,,,,,,,,,,,,,,,,,,,,,,,,
,,,,,,,,,,,,,,,,,,,,,,,,
,,,,,,,,,,,,,,,,,,,,,,,,
,,,,,,,,,,,,,,,,,,,,,,,,
,,,,,,,,,,,,,,,,,,,,,,,,
,,,,,,,,,,,,,,,,,,,,,,,,
,,,,,,,,,,,,,,,,,,,,,,,,
,,,,,,,,,,,,,,,,,,,,,,,,
,,,,,,,,,,,,,,,,,,,,,,,,
,,,,,,,,,,,,,,,,,,,,,,,,
,,,,,,,,,,,,,,,,,,,,,,,,
,,,,,,,,,,,,,,,,,,,,,,,,
,,,,,,,,,,,,,,,,,,,,,,,,
,,,,,,,,,,,,,,,,,,,,,,,,
,,,,,,,,,,,,,,,,,,,,,,,,
,,,,,,,,,,,,,,,,,,,,,,,,
,,,,,,,,,,,,,,,,,,,,,,,,
,,,,,,,,,,,,,,,,,,,,,,,,
,,,,,,,,,,,,,,,,,,,,,,,,
,,,,,,,,,,,,,,,,,,,,,,,,
,,,,,,,,,,,,,,,,,,,,,,,,
,,,,,,,,,,,,,,,,,,,,,,,,
,,,,,,,,,,,,,,,,,,,,,,,,
,,,,,,,,,,,,,,,,,,,,,,,,
,,,,,,,,,,,,,,,,,,,,,,,,
,,,,,,,,,,,,,,,,,,,,,,,,
,,,,,,,,,,,,,,,,,,,,,,,,
,,,,,,,,,,,,,,,,,,,,,,,,
,,,,,,,,,,,,,,,,,,,,,,,,
,,,,,,,,,,,,,,,,,,,,,,,,
,,,,,,,,,,,,,,,,,,,,,,,,
,,,,,,,,,,,,,,,,,,,,,,,,
,,,,,,,,,,,,,,,,,,,,,,,,
,,,,,,,,,,,,,,,,,,,,,,,,
,,,,,,,,,,,,,,,,,,,,,,,,
,,,,,,,,,,,,,,,,,,,,,,,,
,,,,,,,,,,,,,,,,,,,,,,,,
,,,,,,,,,,,,,,,,,,,,,,,,
,,,,,,,,,,,,,,,,,,,,,,,,
,,,,,,,,,,,,,,,,,,,,,,,,
,,,,,,,,,,,,,,,,,,,,,,,,
,,,,,,,,,,,,,,,,,,,,,,,,
,,,,,,,,,,,,,,,,,,,,,,,,
,,,,,,,,,,,,,,,,,,,,,,,,
,,,,,,,,,,,,,,,,,,,,,,,,
,,,,,,,,,,,,,,,,,,,,,,,,
,,,,,,,,,,,,,,,,,,,,,,,,
,,,,,,,,,,,,,,,,,,,,,,,,
,,,,,,,,,,,,,,,,,,,,,,,,
,,,,,,,,,,,,,,,,,,,,,,,,
,,,,,,,,,,,,,,,,,,,,,,,,
,,,,,,,,,,,,,,,,,,,,,,,,
,,,,,,,,,,,,,,,,,,,,,,,,
,,,,,,,,,,,,,,,,,,,,,,,,
,,,,,,,,,,,,,,,,,,,,,,,,
,,,,,,,,,,,,,,,,,,,,,,,,
,,,,,,,,,,,,,,,,,,,,,,,,
,,,,,,,,,,,,,,,,,,,,,,,,
,,,,,,,,,,,,,,,,,,,,,,,,
,,,,,,,,,,,,,,,,,,,,,,,,
,,,,,,,,,,,,,,,,,,,,,,,,
,,,,,,,,,,,,,,,,,,,,,,,,
,,,,,,,,,,,,,,,,,,,,,,,,
,,,,,,,,,,,,,,,,,,,,,,,,
,,,,,,,,,,,,,,,,,,,,,,,,
,,,,,,,,,,,,,,,,,,,,,,,,
,,,,,,,,,,,,,,,,,,,,,,,,
,,,,,,,,,,,,,,,,,,,,,,,,
,,,,,,,,,,,,,,,,,,,,,,,,
,,,,,,,,,,,,,,,,,,,,,,,,
,,,,,,,,,,,,,,,,,,,,,,,,
,,,,